2019-04-27 00:00:00, +48 304102570, +48 213397902
2001-05-22 13:00:00, +48 310744097, +48 249886700
2017-04-24 13:00:00, +48 523069020, +48 714941659
1990-05-13 13:00:00, +48 522128774, +48 487697613
2009-11-06 09:00:00, +48 366875268, +48 736787115
1992-08-07 23:00:00, +48 245616267, +48 954991874
1995-01-29 11:00:00, +48 734873837, +48 620460659
1999-02-17 13:00:00, +48 930985476, +48 850068275
1987-03-03 21:00:00, +48 043621931, +48 829640669
2002-04-14 21:00:00, +48 978313304, +48 403005239
1999-01-01 08:00:00, +48 131096196, +48 989421826
2010-09-19 20:00:00, +48 349277585, +48 201246989
2019-09-03 23:00:00, +48 706743297, +48 403780363
1990-09-17 17:00:00, +48 042436234, +48 855864938
1994-08-06 23:00:00, +48 202551779, +48 200848417
1998-08-10 10:00:00, +48 066423649, +48 037658732
2012-01-17 16:00:00, +48 048865975, +48 461303498
2013-08-12 15:00:00, +48 602041560, +48 936131982
2009-12-26 20:00:00, +48 704166345, +48 717937736
2019-01-31 06:00:00, +48 079232105, +48 838859555
1993-08-03 23:00:00, +48 350988264, +48 169769331
1992-02-06 07:00:00, +48 178863720, +48 348709497
2003-06-21 19:00:00, +48 987845066, +48 484250078
1994-01-05 07:00:00, +48 679593547, +48 207808748
1997-01-15 11:00:00, +48 771020257, +48 817509927
2000-09-06 07:00:00, +48 234282727, +48 280020066
1997-11-26 05:00:00, +48 921696020, +48 397113416
2002-02-21 13:00:00, +48 588008992, +48 317224653
2013-02-22 23:00:00, +48 848454037, +48 391426197
1993-05-25 02:00:00, +48 006245461, +48 817925308
2014-05-17 14:00:00, +48 889495891, +48 426507307
1995-06-12 03:00:00, +48 363692822, +48 995651068
2019-11-13 23:00:00, +48 302227363, +48 673965298
2002-10-02 09:00:00, +48 165258063, +48 362298600
2005-10-07 18:00:00, +48 084062462, +48 921287395
2006-02-04 13:00:00, +48 130427644, +48 546191111
2009-05-18 16:00:00, +48 831603580, +48 910817670
2010-01-27 09:00:00, +48 343388392, +48 742525194
2013-11-10 22:00:00, +48 904104811, +48 860395602
1991-08-12 08:00:00, +48 477295427, +48 585515689
1997-11-03 19:00:00, +48 607817464, +48 889405371
2007-08-09 08:00:00, +48 976247108, +48 980307421
1993-11-23 00:00:00, +48 346693674, +48 477909129
2018-04-07 13:00:00, +48 755635764, +48 002139068
1999-05-21 06:00:00, +48 827490699, +48 697131965
1995-02-16 00:00:00, +48 780152769, +48 229531219
2011-12-10 15:00:00, +48 174640261, +48 892439286
2009-07-13 21:00:00, +48 518362724, +48 723252990
2015-07-25 22:00:00, +48 514164083, +48 270520805
1988-01-11 07:00:00, +48 617553078, +48 273127779
1987-04-22 19:00:00, +48 349279590, +48 846249022
1995-12-31 21:00:00, +48 396647035, +48 316901630
2021-12-06 11:00:00, +48 480499072, +48 717404159
2020-04-30 12:00:00, +48 849162268, +48 820934040
1986-03-23 08:00:00, +48 898334326, +48 540605640
2022-05-02 19:00:00, +48 813831720, +48 206841942
1999-06-02 10:00:00, +48 748940702, +48 057590642
2001-10-06 21:00:00, +48 466960314, +48 670321423
1996-08-25 07:00:00, +48 583363610, +48 464405827
2011-11-25 21:00:00, +48 136569047, +48 817110617
1986-11-22 15:00:00, +48 327026483, +48 341330569
2017-01-17 00:00:00, +48 097999785, +48 990118342
1996-05-25 14:00:00, +48 966963005, +48 015097618
1992-03-11 14:00:00, +48 653469498, +48 952299078
1994-12-04 19:00:00, +48 372898008, +48 807868770
2004-10-13 10:00:00, +48 374697118, +48 627141424
1986-01-09 20:00:00, +48 794577282, +48 118249133
2020-09-23 01:00:00, +48 356928839, +48 058445977
2000-02-18 05:00:00, +48 549914113, +48 644545732
2019-09-10 04:00:00, +48 196441736, +48 365045249
1999-06-15 01:00:00, +48 946133988, +48 589809930
1990-03-21 01:00:00, +48 780106366, +48 165948187
2010-06-12 16:00:00, +48 958991410, +48 633068429
1990-12-27 21:00:00, +48 066229127, +48 052199706
1990-11-05 05:00:00, +48 272101455, +48 908967525
2021-01-08 19:00:00, +48 093320843, +48 534121602
1996-02-28 10:00:00, +48 245673790, +48 189077422
2015-06-26 08:00:00, +48 037993334, +48 075308814
1985-01-29 21:00:00, +48 281077203, +48 800604609
1998-01-11 09:00:00, +48 079024459, +48 688217827
1992-09-16 19:00:00, +48 971939394, +48 480934532
1999-11-17 11:00:00, +48 248467167, +48 736236016
1992-12-31 13:00:00, +48 573901854, +48 303330862
2006-04-03 04:00:00, +48 898147432, +48 089044081
2002-07-15 12:00:00, +48 228798194, +48 219384861
1995-07-01 15:00:00, +48 905524363, +48 771153864
2020-09-23 22:00:00, +48 711943653, +48 863325545
2007-05-24 10:00:00, +48 319724350, +48 216805798
1986-10-02 17:00:00, +48 742626735, +48 469312576
2021-04-08 19:00:00, +48 098253337, +48 202232617
2012-06-27 09:00:00, +48 082317823, +48 181304333
2014-02-24 15:00:00, +48 932110465, +48 714663610
1998-10-20 22:00:00, +48 501931733, +48 594807213
2016-05-22 20:00:00, +48 594457773, +48 706687234
2015-05-25 21:00:00, +48 222235707, +48 524302802
1999-02-24 21:00:00, +48 750017320, +48 508117447
1990-03-21 07:00:00, +48 664005653, +48 535977955
2011-10-11 09:00:00, +48 067572926, +48 476595055
2004-07-10 20:00:00, +48 809121575, +48 934464353
1999-04-01 18:00:00, +48 661929749, +48 641092540
2014-05-12 11:00:00, +48 700045669, +48 790337908
1986-04-06 06:00:00, +48 327581101, +48 868513699
1986-08-18 02:00:00, +48 778565481, +48 283675309
1995-01-03 01:00:00, +48 137725554, +48 945091551
1990-06-13 09:00:00, +48 509933401, +48 789655307
2018-12-11 04:00:00, +48 898765381, +48 063089452
1984-09-04 08:00:00, +48 079205804, +48 758341164
1999-10-09 22:00:00, +48 440142546, +48 980518861
1990-11-23 13:00:00, +48 760305853, +48 725423329
2020-12-15 00:00:00, +48 622951568, +48 323659296
2000-02-16 19:00:00, +48 839719671, +48 058669901
2000-06-18 08:00:00, +48 390543491, +48 294263299
1993-09-15 07:00:00, +48 236100318, +48 410650343
2006-09-16 01:00:00, +48 290216904, +48 520049605
2014-06-24 18:00:00, +48 289809539, +48 305478903
1998-12-19 14:00:00, +48 245530052, +48 353193062
1991-06-14 00:00:00, +48 253785901, +48 905734241
1993-09-29 12:00:00, +48 390134809, +48 961670635
1988-06-30 01:00:00, +48 353628143, +48 103603777
1991-11-15 16:00:00, +48 227070656, +48 324655736
2020-05-31 22:00:00, +48 979621870, +48 448787360
2005-06-13 04:00:00, +48 146879544, +48 796268045
1990-01-22 02:00:00, +48 982934918, +48 221039885
1986-05-16 22:00:00, +48 741403077, +48 505068885
1988-06-04 10:00:00, +48 930335088, +48 085721569
1992-10-18 10:00:00, +48 839930919, +48 211164755
2010-05-18 07:00:00, +48 498904617, +48 005106976
1998-06-18 05:00:00, +48 845097348, +48 727720172
2017-08-12 02:00:00, +48 607581747, +48 674591985
2014-09-17 14:00:00, +48 626964178, +48 169551609
1987-10-18 06:00:00, +48 517575472, +48 562700048
2013-03-23 18:00:00, +48 864090680, +48 995593567
2006-01-17 09:00:00, +48 880198920, +48 143896653
2003-03-30 18:00:00, +48 314229082, +48 224181165
1992-10-03 11:00:00, +48 480189180, +48 141944716
2006-12-24 10:00:00, +48 070214546, +48 742176999
2017-02-28 14:00:00, +48 208218298, +48 953963462
2014-12-21 12:00:00, +48 317613186, +48 831250806
1988-02-14 23:00:00, +48 582786342, +48 226264696
2020-12-01 13:00:00, +48 556527371, +48 926600574
2003-03-09 20:00:00, +48 122714476, +48 266083624
2006-04-15 13:00:00, +48 138215320, +48 308503390
1985-01-09 05:00:00, +48 958119602, +48 037837541
2007-12-22 03:00:00, +48 360330107, +48 295264959
2020-02-28 23:00:00, +48 157271271, +48 892180894
1987-04-10 13:00:00, +48 427180140, +48 777139073
1991-11-23 02:00:00, +48 151087629, +48 494746646
2002-09-21 09:00:00, +48 554875131, +48 449260252
1992-10-30 01:00:00, +48 567894590, +48 163445599
1988-04-27 19:00:00, +48 091110879, +48 348157536
2014-11-21 21:00:00, +48 070791795, +48 040470843
2015-09-30 18:00:00, +48 672462881, +48 222638004
2021-10-02 02:00:00, +48 425903266, +48 774812708
1997-08-09 11:00:00, +48 960301919, +48 985526451
2002-07-07 19:00:00, +48 779283216, +48 628412855
2013-09-28 00:00:00, +48 771633813, +48 583080596
1991-04-12 08:00:00, +48 599095629, +48 822277951
2001-08-09 10:00:00, +48 876186995, +48 357534790
2010-01-15 08:00:00, +48 233772381, +48 800384159
2021-04-23 02:00:00, +48 894629977, +48 609174858
2004-08-16 16:00:00, +48 879148309, +48 387404000
2007-11-02 22:00:00, +48 664473048, +48 715613485
1992-08-11 23:00:00, +48 412377961, +48 567053730
2011-08-20 22:00:00, +48 386239861, +48 103181513
2020-09-30 21:00:00, +48 564920272, +48 042236668
1995-07-20 04:00:00, +48 686086811, +48 204776606
1993-11-12 21:00:00, +48 353295796, +48 816247005
2002-04-25 03:00:00, +48 671044151, +48 113413277
2018-03-27 13:00:00, +48 131677926, +48 820316916
2012-05-19 04:00:00, +48 471912846, +48 980022656
1995-05-11 04:00:00, +48 199421912, +48 751258392
1995-03-02 19:00:00, +48 336440234, +48 678292092
1993-08-31 01:00:00, +48 226490014, +48 119438526
1986-05-28 06:00:00, +48 570306108, +48 102254470
1986-04-11 05:00:00, +48 664775188, +48 167570944
2018-01-13 23:00:00, +48 241115151, +48 173298994
2018-03-27 19:00:00, +48 554073207, +48 892368136
1990-08-31 03:00:00, +48 346620888, +48 702448678
2016-06-15 12:00:00, +48 713361745, +48 769617362
2013-04-15 10:00:00, +48 771488476, +48 126758363
2018-07-26 05:00:00, +48 140044447, +48 471563131
1995-01-30 03:00:00, +48 711284400, +48 034786222
2009-06-07 01:00:00, +48 431696263, +48 913341949
2004-01-27 22:00:00, +48 347418920, +48 177699162
1999-03-18 19:00:00, +48 171033218, +48 860582269
2018-01-29 22:00:00, +48 897864487, +48 234561992
2002-07-25 12:00:00, +48 272342503, +48 954237534
2018-10-20 17:00:00, +48 450887930, +48 684462158
2004-08-15 04:00:00, +48 412813663, +48 607723777
2007-10-15 20:00:00, +48 116615086, +48 237503717
1989-02-24 20:00:00, +48 084059485, +48 086721792
1988-02-28 18:00:00, +48 349648535, +48 654639563
2002-08-25 13:00:00, +48 726615575, +48 956266889
1989-03-04 15:00:00, +48 457330603, +48 788446550
2011-01-30 00:00:00, +48 821838067, +48 962714387
2003-06-08 07:00:00, +48 233100186, +48 067563496
2022-01-08 14:00:00, +48 767212047, +48 671076161
2007-02-26 17:00:00, +48 293458119, +48 351572176
1993-05-03 02:00:00, +48 629641772, +48 199830585
1986-05-05 21:00:00, +48 752328821, +48 064964161
1991-12-05 01:00:00, +48 859101398, +48 363294607
2013-07-08 11:00:00, +48 714690396, +48 672397429
1986-06-05 07:00:00, +48 804013697, +48 912442299
1985-07-23 05:00:00, +48 282196712, +48 543847940
1996-08-18 14:00:00, +48 963727733, +48 632907076
2022-06-11 16:00:00, +48 453780393, +48 651558891
2021-10-25 21:00:00, +48 788572671, +48 806454841
2020-06-20 07:00:00, +48 794284462, +48 922871420
2016-08-10 12:00:00, +48 407363954, +48 851966799
1999-07-02 10:00:00, +48 764235759, +48 113262826
2006-10-26 00:00:00, +48 069864213, +48 172968174
1985-06-18 07:00:00, +48 270539478, +48 302094183
1992-10-19 05:00:00, +48 739391821, +48 699796952
2009-04-07 18:00:00, +48 941495108, +48 892298719
2005-06-30 14:00:00, +48 154665663, +48 308224681
1996-05-29 03:00:00, +48 265071892, +48 029683573
1995-08-10 23:00:00, +48 851794245, +48 763167425
2011-03-11 07:00:00, +48 020856840, +48 158764375
2013-08-27 09:00:00, +48 676992582, +48 639864876
2008-09-05 22:00:00, +48 212651265, +48 696002328
2012-10-08 08:00:00, +48 056876066, +48 088070027
2014-11-11 01:00:00, +48 970856741, +48 891197115
2016-05-02 11:00:00, +48 436067838, +48 275923483
2005-05-01 00:00:00, +48 124395135, +48 507152684
1987-03-18 09:00:00, +48 519009909, +48 640642233
1985-03-24 17:00:00, +48 963721506, +48 391230044
2011-11-05 04:00:00, +48 537435997, +48 078787700
2014-09-30 22:00:00, +48 854461324, +48 787612438
1987-09-11 12:00:00, +48 480105845, +48 537977472
2014-05-11 10:00:00, +48 200242056, +48 283304893
2017-11-09 13:00:00, +48 364059561, +48 971095868
2022-12-21 13:00:00, +48 737151498, +48 165842680
1987-03-20 07:00:00, +48 639752647, +48 268337893
1995-01-13 21:00:00, +48 126507031, +48 313171892
2005-03-14 04:00:00, +48 738491638, +48 731314900
2015-12-22 02:00:00, +48 989541203, +48 566197913
1995-08-11 19:00:00, +48 189457429, +48 375393281
2006-12-25 04:00:00, +48 427491626, +48 026069832
1989-02-14 02:00:00, +48 382744646, +48 076863947
1986-09-12 22:00:00, +48 089533230, +48 610119570
1991-08-14 00:00:00, +48 226715297, +48 999320834
2006-02-21 21:00:00, +48 026165377, +48 488708838
1994-05-26 06:00:00, +48 894638736, +48 055559389
2014-09-04 15:00:00, +48 049278289, +48 941131165
2016-05-18 22:00:00, +48 676027449, +48 096033178
2013-06-10 02:00:00, +48 763990051, +48 324927142
2000-07-01 02:00:00, +48 119064408, +48 042269292
1988-03-16 05:00:00, +48 247255380, +48 553254619
1987-05-23 00:00:00, +48 972724988, +48 001121206
2001-11-21 22:00:00, +48 284986777, +48 046034368
1994-10-12 06:00:00, +48 977384231, +48 062832115
1991-04-12 23:00:00, +48 020305614, +48 889254683
1995-12-07 13:00:00, +48 342498479, +48 201508726
2008-10-04 02:00:00, +48 079948989, +48 020777396
1991-03-04 13:00:00, +48 250728693, +48 882656671
2005-11-08 13:00:00, +48 509102664, +48 180901362
1992-09-12 16:00:00, +48 452689903, +48 342441961
2014-09-16 23:00:00, +48 805273837, +48 071840442
2007-08-13 22:00:00, +48 905556892, +48 200724485
2011-02-26 17:00:00, +48 586025478, +48 246906175
1986-05-28 23:00:00, +48 227966704, +48 825497415
2011-08-14 09:00:00, +48 835314847, +48 593514335
1992-01-21 04:00:00, +48 824466971, +48 624017363
1999-02-05 04:00:00, +48 377740806, +48 466373503
2007-01-23 22:00:00, +48 914030140, +48 098884475
1999-10-28 16:00:00, +48 912510092, +48 081540246
2020-12-19 19:00:00, +48 106930275, +48 297393372
2012-11-19 14:00:00, +48 097690120, +48 112998225
2003-01-16 17:00:00, +48 950878215, +48 010532530
1984-10-09 23:00:00, +48 795038094, +48 815398218
1993-06-18 21:00:00, +48 991432882, +48 705201260
2016-09-08 15:00:00, +48 939846422, +48 250319992
2006-06-27 13:00:00, +48 073833823, +48 044963353
2005-09-11 03:00:00, +48 114300307, +48 167230877
1988-11-17 21:00:00, +48 793287971, +48 526057228
1986-11-05 07:00:00, +48 650622002, +48 215113126
1989-12-04 11:00:00, +48 579186585, +48 476880546
1998-10-05 01:00:00, +48 241456783, +48 858520473
2013-01-11 21:00:00, +48 384647828, +48 752976266
2015-07-15 09:00:00, +48 887918190, +48 901124593
2008-03-21 19:00:00, +48 254979271, +48 456507205
1988-09-04 18:00:00, +48 317853978, +48 863536730
2003-05-16 02:00:00, +48 551546879, +48 083328328
2005-12-09 02:00:00, +48 259437846, +48 471096940
2018-12-07 10:00:00, +48 823906938, +48 495730633
1984-11-05 05:00:00, +48 411709162, +48 292290511
2006-03-22 01:00:00, +48 512195094, +48 593602998
1993-05-09 11:00:00, +48 699797115, +48 545877011
1999-07-10 22:00:00, +48 405567126, +48 047671342
1986-01-03 01:00:00, +48 346500828, +48 559878026
2019-12-30 12:00:00, +48 300717083, +48 430707276
2006-01-01 18:00:00, +48 160673391, +48 455757309
1999-01-05 22:00:00, +48 332128119, +48 644164494
1988-05-19 02:00:00, +48 544054660, +48 740093598
2020-11-07 21:00:00, +48 649737793, +48 451134368
1997-04-02 12:00:00, +48 681157558, +48 228882009
1985-11-14 11:00:00, +48 941415970, +48 664328254
2021-03-05 20:00:00, +48 322008461, +48 561726944
2022-04-06 01:00:00, +48 082216650, +48 966107982
1991-11-04 16:00:00, +48 437147270, +48 809171802
2013-01-08 23:00:00, +48 717429184, +48 174474758
2002-10-09 23:00:00, +48 120617657, +48 072541132
1998-10-03 01:00:00, +48 861694439, +48 430911439
1997-06-05 03:00:00, +48 938552131, +48 246277012
2001-12-01 18:00:00, +48 787125668, +48 967457281
2012-02-18 19:00:00, +48 123896058, +48 299291843
1994-05-17 14:00:00, +48 736846660, +48 672726335
1996-03-02 23:00:00, +48 643999533, +48 653662943
2000-09-08 23:00:00, +48 274939268, +48 320039299
2006-08-31 15:00:00, +48 573942855, +48 647395274
2021-02-08 22:00:00, +48 601972130, +48 003816080
2003-11-20 09:00:00, +48 651965892, +48 956611661
1997-04-09 00:00:00, +48 341645524, +48 649956733
2018-05-13 08:00:00, +48 406638534, +48 010859082
1996-02-03 00:00:00, +48 935890275, +48 763190601
2007-11-14 14:00:00, +48 142790553, +48 079252205
2006-07-14 00:00:00, +48 754006418, +48 217698520
1986-05-21 19:00:00, +48 865842208, +48 847620506
2005-01-21 07:00:00, +48 736855057, +48 356595657
2004-02-10 01:00:00, +48 352708566, +48 181408324
2020-05-20 16:00:00, +48 599879143, +48 120173980
1990-08-12 14:00:00, +48 609619564, +48 463580454
2004-09-12 02:00:00, +48 883810540, +48 462618089
1995-03-19 05:00:00, +48 600078357, +48 098567510
1986-10-09 06:00:00, +48 378056259, +48 138839879
2000-03-25 06:00:00, +48 787637225, +48 912075769
2021-05-16 01:00:00, +48 716710770, +48 452503753
2019-06-02 06:00:00, +48 525995836, +48 436171506
2010-12-02 03:00:00, +48 106411289, +48 081334985
2007-12-21 05:00:00, +48 169315170, +48 539790037
2009-06-04 08:00:00, +48 774515825, +48 710464742
1999-04-11 17:00:00, +48 260185818, +48 943016164
2001-09-10 09:00:00, +48 146786913, +48 400962047
1988-01-04 09:00:00, +48 957116599, +48 820133211
1996-08-18 15:00:00, +48 376286530, +48 404171301
1987-08-26 18:00:00, +48 329597527, +48 893811905
1988-09-06 08:00:00, +48 818134854, +48 344422473
2018-07-03 18:00:00, +48 162418187, +48 516418225
1988-10-28 11:00:00, +48 234808283, +48 479745541
2002-05-23 03:00:00, +48 368421466, +48 574354040
2015-07-25 05:00:00, +48 039302430, +48 374822392
2020-04-12 05:00:00, +48 121915782, +48 362094211
1999-07-16 04:00:00, +48 695734218, +48 948922287
2009-04-12 21:00:00, +48 753664623, +48 800257204
2017-01-05 00:00:00, +48 986269118, +48 943735095
1999-05-30 23:00:00, +48 644731852, +48 509429182
1993-09-08 03:00:00, +48 331145108, +48 631556256
1986-12-24 07:00:00, +48 594915583, +48 016634139
1998-01-04 06:00:00, +48 695567681, +48 564560606
1990-04-15 09:00:00, +48 974004045, +48 978866587
1987-05-22 18:00:00, +48 649842676, +48 776958201
2017-03-20 07:00:00, +48 771636875, +48 505147876
2001-09-29 10:00:00, +48 739004875, +48 618687980
2007-05-05 22:00:00, +48 027483233, +48 818125479
2020-09-02 13:00:00, +48 757094125, +48 868836501
2004-08-22 06:00:00, +48 065536239, +48 531840046
1990-05-26 15:00:00, +48 847594661, +48 911802137
1995-06-22 01:00:00, +48 473818112, +48 188318736
1995-02-20 14:00:00, +48 575285611, +48 919471115
2003-07-11 03:00:00, +48 629837865, +48 249360789
1990-02-18 23:00:00, +48 351791985, +48 425114590
1992-02-22 17:00:00, +48 118557167, +48 800175045
1996-09-29 16:00:00, +48 835219102, +48 017030948
2016-05-02 03:00:00, +48 703636948, +48 681455737
2008-06-21 07:00:00, +48 103179443, +48 788236671
2019-09-08 22:00:00, +48 032224124, +48 164861319
2006-10-28 19:00:00, +48 684404778, +48 147562902
1999-07-15 07:00:00, +48 007770088, +48 325676351
1992-10-15 10:00:00, +48 171156875, +48 251071085
1999-05-21 13:00:00, +48 062010302, +48 534997911
2007-07-10 08:00:00, +48 775107550, +48 248685216
1991-11-29 20:00:00, +48 026609919, +48 707195147
2004-09-29 18:00:00, +48 766879908, +48 788895720
2004-11-03 21:00:00, +48 371168184, +48 042647847
2002-03-12 03:00:00, +48 124987876, +48 236175249
2010-04-06 22:00:00, +48 099233175, +48 442863763
2006-02-23 20:00:00, +48 479411968, +48 162802413
1999-09-25 23:00:00, +48 893153213, +48 691520645
1992-08-31 08:00:00, +48 773248261, +48 816259363
1985-01-27 15:00:00, +48 657224782, +48 725042261
1988-02-12 18:00:00, +48 569583646, +48 159428177
2018-04-18 10:00:00, +48 396627456, +48 575003496
2009-08-07 23:00:00, +48 194450342, +48 395689547
1993-04-04 12:00:00, +48 112845556, +48 873367100
1998-08-06 16:00:00, +48 692690586, +48 224522432
2006-03-13 01:00:00, +48 307497105, +48 385154393
1996-12-22 06:00:00, +48 508293701, +48 877398294
2001-11-22 20:00:00, +48 755428446, +48 895476762
2012-02-04 16:00:00, +48 878215325, +48 008734228
1986-12-11 09:00:00, +48 771480198, +48 281130026
2015-10-30 06:00:00, +48 521979313, +48 029152975
1997-08-18 06:00:00, +48 416847725, +48 068075108
2008-07-08 09:00:00, +48 315541657, +48 744396886
1994-08-15 19:00:00, +48 613660717, +48 871393026
1992-09-17 03:00:00, +48 352631756, +48 163328725
2004-02-06 14:00:00, +48 494012923, +48 463031663
1990-02-07 18:00:00, +48 290996011, +48 327134786
2001-09-20 10:00:00, +48 997593427, +48 989810058
2011-10-13 08:00:00, +48 513875006, +48 564368167
1990-10-14 04:00:00, +48 936951205, +48 295958214
1989-06-26 06:00:00, +48 915048374, +48 352336833
2017-07-27 19:00:00, +48 821930253, +48 255899409
1993-02-20 14:00:00, +48 868288200, +48 400257150
1994-09-26 12:00:00, +48 998298894, +48 513830969
2019-05-13 18:00:00, +48 568175909, +48 660932252
1989-07-22 11:00:00, +48 052452365, +48 133806261
1991-07-06 23:00:00, +48 033516139, +48 941299130
2014-12-06 16:00:00, +48 530598616, +48 776518975
1986-12-11 22:00:00, +48 875425445, +48 687186049
2006-06-10 03:00:00, +48 977052936, +48 045853857
2022-02-03 21:00:00, +48 309574633, +48 600620835
2008-11-14 07:00:00, +48 602631791, +48 845267612
1994-01-30 14:00:00, +48 527272719, +48 057037855
2011-02-04 23:00:00, +48 584930626, +48 920813263
1994-01-26 01:00:00, +48 782410249, +48 608472721
1992-09-27 18:00:00, +48 381150224, +48 580370728
2009-12-21 22:00:00, +48 715948849, +48 354008655
2014-03-16 11:00:00, +48 663410958, +48 018920078
2002-10-26 06:00:00, +48 985329273, +48 665572092
2002-08-25 12:00:00, +48 796769687, +48 509425720
2007-10-17 13:00:00, +48 264956824, +48 840079494
2015-03-27 23:00:00, +48 212098126, +48 895486976
2016-01-01 18:00:00, +48 943930222, +48 601751137
1986-02-10 21:00:00, +48 965522674, +48 896766042
1986-06-15 18:00:00, +48 358755311, +48 751037714
2021-07-23 08:00:00, +48 212019116, +48 600622450
1990-06-14 10:00:00, +48 461513584, +48 575076998
1991-02-08 22:00:00, +48 032952734, +48 138703293
1991-06-08 02:00:00, +48 753082307, +48 944556706
2005-08-24 06:00:00, +48 193538774, +48 118170131
2021-05-09 05:00:00, +48 220491367, +48 800482376
2011-11-08 06:00:00, +48 959495192, +48 231940124
1996-08-31 17:00:00, +48 679898987, +48 792585031
1985-05-11 14:00:00, +48 201591905, +48 286777096
2019-01-20 08:00:00, +48 948255794, +48 710749817
2016-09-30 00:00:00, +48 159968092, +48 292719875
2000-03-07 12:00:00, +48 189606026, +48 493964762
1999-05-11 02:00:00, +48 702358056, +48 100880349
2017-12-23 12:00:00, +48 698786154, +48 536784332
1988-06-29 17:00:00, +48 760853891, +48 523363356
2021-02-17 12:00:00, +48 141770192, +48 292527900
2023-02-04 22:00:00, +48 175119689, +48 827921277
2016-07-12 03:00:00, +48 668283618, +48 351974285
2014-06-30 17:00:00, +48 645308009, +48 019628115
2020-01-27 05:00:00, +48 211999052, +48 967247190
2016-04-05 15:00:00, +48 912985578, +48 518709749
1994-01-06 22:00:00, +48 170352116, +48 651279903
2002-04-03 18:00:00, +48 921918638, +48 603589228
2010-11-22 03:00:00, +48 537492794, +48 981769991
1993-03-25 09:00:00, +48 486067240, +48 264158390
1987-12-17 10:00:00, +48 673633177, +48 230054804
2011-10-06 23:00:00, +48 252123173, +48 437652450
1986-07-09 08:00:00, +48 207732053, +48 881323593
2006-05-03 19:00:00, +48 920733339, +48 631235793
2003-03-04 20:00:00, +48 380814965, +48 366242819
2022-05-12 15:00:00, +48 851100022, +48 491381040
2006-11-18 12:00:00, +48 284175614, +48 124719581
1997-06-17 13:00:00, +48 099306189, +48 257451190
2019-11-16 20:00:00, +48 070946446, +48 813777095
2003-02-12 11:00:00, +48 942451908, +48 024450113
2004-07-19 04:00:00, +48 365154829, +48 974384942
2010-07-18 19:00:00, +48 168304869, +48 302307182
2013-10-14 09:00:00, +48 767125135, +48 745683164
2007-08-19 01:00:00, +48 646396001, +48 050315632
2005-08-13 09:00:00, +48 412563293, +48 763294997
2009-06-07 14:00:00, +48 921166607, +48 766247120
2016-09-06 11:00:00, +48 765324937, +48 253829681
1984-11-27 22:00:00, +48 615363686, +48 792936113
2018-03-22 00:00:00, +48 934514517, +48 120458960
2003-09-23 23:00:00, +48 307674558, +48 814960467
2013-10-24 23:00:00, +48 276904772, +48 659791473
2021-01-14 02:00:00, +48 190650151, +48 285241938
2007-05-20 04:00:00, +48 024752580, +48 267114937
2020-01-16 15:00:00, +48 219640015, +48 236326073
2015-08-14 09:00:00, +48 418597617, +48 159790354
2015-04-23 14:00:00, +48 715993548, +48 847380856
2009-10-22 07:00:00, +48 149520054, +48 345838810
1991-03-15 07:00:00, +48 683496015, +48 652152421
2003-09-27 05:00:00, +48 899285012, +48 841354399
1992-03-08 00:00:00, +48 263522066, +48 908159928
1988-01-25 08:00:00, +48 139677495, +48 773691626
2020-11-25 01:00:00, +48 942134750, +48 774450115
1988-10-15 03:00:00, +48 205016912, +48 321349828
2012-11-14 21:00:00, +48 520593897, +48 449384661
2017-02-12 21:00:00, +48 631042866, +48 571576002
2016-02-03 05:00:00, +48 029269445, +48 372320853
2010-08-25 03:00:00, +48 322244706, +48 007331446
2012-02-29 06:00:00, +48 527824159, +48 942998276
2005-09-06 07:00:00, +48 221172417, +48 402967644
1990-03-02 11:00:00, +48 588496217, +48 431019690
1991-08-10 19:00:00, +48 556021580, +48 761293466
1990-10-13 20:00:00, +48 061849402, +48 307990764
1999-04-07 06:00:00, +48 562441170, +48 800790675
2000-08-25 13:00:00, +48 658425375, +48 694130077
1987-05-25 04:00:00, +48 490075699, +48 593715458
2015-04-08 23:00:00, +48 520101835, +48 527653598
1999-05-02 18:00:00, +48 157628997, +48 751379002
2020-02-13 17:00:00, +48 369898055, +48 521435061
2017-01-07 11:00:00, +48 710685115, +48 352624611
2007-06-01 21:00:00, +48 170475521, +48 332020846
2011-03-18 16:00:00, +48 637871854, +48 748415119
1989-07-21 08:00:00, +48 659517815, +48 991637351
2011-01-04 21:00:00, +48 571108967, +48 226890748
2016-06-11 02:00:00, +48 117254986, +48 659833039
2015-02-06 07:00:00, +48 125931380, +48 973536879
2010-12-01 14:00:00, +48 799950448, +48 631904787
2005-04-22 22:00:00, +48 125561043, +48 437073034
2014-08-15 16:00:00, +48 153963031, +48 225309146
2017-02-20 08:00:00, +48 449438188, +48 321948709
2003-12-13 06:00:00, +48 615117112, +48 952647729
2015-08-04 15:00:00, +48 734569309, +48 858438990
2001-03-19 05:00:00, +48 831649125, +48 732969218
2018-07-24 07:00:00, +48 472932022, +48 457966152
2000-04-27 00:00:00, +48 630436100, +48 922201664
2007-11-22 19:00:00, +48 162628954, +48 162315631
2000-09-09 03:00:00, +48 126631809, +48 510830555
1989-11-04 17:00:00, +48 553109772, +48 634645901
1985-07-19 17:00:00, +48 168179109, +48 121273971
2018-07-06 14:00:00, +48 038405014, +48 395745862
2020-01-23 07:00:00, +48 681996301, +48 314347608
1993-07-10 11:00:00, +48 476228670, +48 658532358
2004-10-08 13:00:00, +48 162863812, +48 561887992
2010-09-19 05:00:00, +48 598364838, +48 121123966
2012-08-16 02:00:00, +48 764134464, +48 722502115
1994-04-21 04:00:00, +48 852170704, +48 618065263
2017-09-28 18:00:00, +48 824910307, +48 433518057
1984-10-19 13:00:00, +48 240694861, +48 714280884
1994-06-14 01:00:00, +48 266174185, +48 716420639
1989-10-31 12:00:00, +48 217366203, +48 126337510
1991-06-16 14:00:00, +48 821412165, +48 796619207
1997-05-09 10:00:00, +48 792909673, +48 921543088
1985-07-14 19:00:00, +48 992211660, +48 079052742
1988-03-02 07:00:00, +48 230673683, +48 771712855
1991-02-09 05:00:00, +48 651675755, +48 313319798
2007-10-20 18:00:00, +48 922225912, +48 369761210
2015-10-18 11:00:00, +48 523551677, +48 559878020
2007-08-26 02:00:00, +48 017811646, +48 120351462
2004-03-13 13:00:00, +48 954757149, +48 955380885
2015-08-24 20:00:00, +48 231131249, +48 676098087
2013-08-09 02:00:00, +48 356128274, +48 649040721
1988-09-03 01:00:00, +48 567189307, +48 264969121
2005-02-27 11:00:00, +48 218414393, +48 532461043
2013-09-30 00:00:00, +48 370110042, +48 307065908
1985-10-28 18:00:00, +48 532717511, +48 931407838
2018-11-11 03:00:00, +48 245032055, +48 103043965
2016-02-17 03:00:00, +48 609381422, +48 336049983
1989-04-23 20:00:00, +48 653930599, +48 407930193
2015-05-05 07:00:00, +48 089393660, +48 874659790
2022-02-26 12:00:00, +48 005745921, +48 802141220
2015-04-05 08:00:00, +48 428287391, +48 582970326
1989-04-03 02:00:00, +48 292941526, +48 245369722
2009-03-27 08:00:00, +48 113759982, +48 063782740
2001-04-21 09:00:00, +48 453777763, +48 545938086
1997-09-10 09:00:00, +48 274315316, +48 772034230
1990-04-20 10:00:00, +48 795524698, +48 254112318
2016-01-28 08:00:00, +48 121355428, +48 789549159
2001-03-01 18:00:00, +48 446638986, +48 905154012
1989-06-06 01:00:00, +48 194419827, +48 490794885
2004-05-27 03:00:00, +48 745872570, +48 474495477
2017-03-25 17:00:00, +48 986644544, +48 372993479
1992-07-24 07:00:00, +48 041212693, +48 569956518
2007-07-18 13:00:00, +48 428374018, +48 655868704
1987-12-06 17:00:00, +48 738554367, +48 232383660
1998-12-25 04:00:00, +48 964387681, +48 291293650
2017-12-29 10:00:00, +48 111982964, +48 879623281
1985-05-20 17:00:00, +48 095187050, +48 765141102
2020-02-16 00:00:00, +48 433892250, +48 352272422
1992-10-02 03:00:00, +48 067651654, +48 811321868
2009-03-21 00:00:00, +48 967804495, +48 619975629
1988-12-12 20:00:00, +48 565290542, +48 491234910
1989-09-19 16:00:00, +48 858886012, +48 213124372
2015-12-03 18:00:00, +48 853871842, +48 088529828
1993-05-17 17:00:00, +48 791446546, +48 825538456
2001-07-01 19:00:00, +48 929094082, +48 452017888
1997-10-05 15:00:00, +48 571003064, +48 504346869
2005-02-15 14:00:00, +48 470500584, +48 743271101
2009-05-17 16:00:00, +48 605526721, +48 344386047
2015-11-03 18:00:00, +48 514713380, +48 420555524
1988-07-21 11:00:00, +48 571049157, +48 778778221
2004-09-26 16:00:00, +48 177640124, +48 812055134
1993-04-21 20:00:00, +48 355563632, +48 943385365
1996-10-19 09:00:00, +48 005011018, +48 361600112
2006-06-15 11:00:00, +48 664720909, +48 816590078
2013-02-19 06:00:00, +48 388327696, +48 635577547
1995-02-25 22:00:00, +48 175498167, +48 808581002
1988-03-01 12:00:00, +48 305446711, +48 278629315
1992-12-13 08:00:00, +48 473736795, +48 653966517
1995-02-19 06:00:00, +48 172275410, +48 640516152
2008-05-30 19:00:00, +48 531087207, +48 363961676
2013-04-10 07:00:00, +48 064590071, +48 769178703
2007-03-17 01:00:00, +48 260556378, +48 436142544
2001-04-27 10:00:00, +48 934914427, +48 008394624
1999-02-07 12:00:00, +48 423599459, +48 111061167
2014-07-26 04:00:00, +48 733283351, +48 467617742
1994-05-10 00:00:00, +48 654807726, +48 227046819
2022-09-25 01:00:00, +48 933292372, +48 825877893
2019-11-21 12:00:00, +48 965341589, +48 201255954
2006-05-26 10:00:00, +48 569130686, +48 816600718
2015-11-24 19:00:00, +48 946766524, +48 144319622
2018-11-12 22:00:00, +48 954151075, +48 395373803
2019-06-03 19:00:00, +48 806619573, +48 562976667
1995-08-09 22:00:00, +48 681172490, +48 510624830
1993-04-02 04:00:00, +48 018689203, +48 216282940
2001-03-07 01:00:00, +48 099698488, +48 177426550
2016-09-08 22:00:00, +48 598327999, +48 614232514
1994-04-03 08:00:00, +48 910076723, +48 742490625
1990-04-05 01:00:00, +48 495329529, +48 473814063
1999-01-07 18:00:00, +48 645549637, +48 809884200
1989-06-13 10:00:00, +48 660597898, +48 955722933
2014-10-26 07:00:00, +48 667606922, +48 731924615
2021-09-22 13:00:00, +48 411501204, +48 226466319
2020-11-17 22:00:00, +48 418034343, +48 559852263
1992-12-23 05:00:00, +48 159010834, +48 309976152
2022-02-12 00:00:00, +48 199423666, +48 015847101
2013-04-01 18:00:00, +48 574650072, +48 465257392
2010-07-09 04:00:00, +48 932262659, +48 149840858
1986-02-28 17:00:00, +48 825039461, +48 765284172
1993-04-11 09:00:00, +48 679018691, +48 191145715
2021-04-07 18:00:00, +48 778934174, +48 234692395
2005-03-08 10:00:00, +48 068734314, +48 039279587
2000-10-11 23:00:00, +48 338462373, +48 256828510
2004-04-14 18:00:00, +48 642966010, +48 396783420
1993-06-02 23:00:00, +48 827210361, +48 139998553
2015-12-21 20:00:00, +48 048873556, +48 862045506
1991-08-20 16:00:00, +48 542087065, +48 864375609
2022-03-20 22:00:00, +48 887846740, +48 546855132
2022-06-01 14:00:00, +48 523487677, +48 967521701
2021-02-28 12:00:00, +48 654577458, +48 458767401
2001-08-09 14:00:00, +48 263464868, +48 001370978
2004-01-03 16:00:00, +48 361596255, +48 479587168
2000-12-29 19:00:00, +48 469630215, +48 025946240
2008-03-10 22:00:00, +48 825806730, +48 303675939
2012-07-16 08:00:00, +48 072520375, +48 902052816
2012-07-01 18:00:00, +48 961540160, +48 833904324
2022-04-22 22:00:00, +48 384423224, +48 816076454
1986-10-03 19:00:00, +48 853380704, +48 030491738
2016-03-06 05:00:00, +48 966071449, +48 232360440
1993-10-06 21:00:00, +48 552293263, +48 298433912
2016-08-13 00:00:00, +48 967205476, +48 154563282
1991-05-25 02:00:00, +48 550317311, +48 745431582
1997-02-07 13:00:00, +48 292319304, +48 888445421
1996-07-05 16:00:00, +48 831475927, +48 199144648
1990-11-29 07:00:00, +48 400913413, +48 262348839
1986-01-17 16:00:00, +48 700859357, +48 791361088
2008-04-21 19:00:00, +48 721269656, +48 710091203
2000-02-23 11:00:00, +48 866049686, +48 398526374
2008-09-04 06:00:00, +48 588334486, +48 675283901
2004-04-17 13:00:00, +48 017691721, +48 067974906
2020-10-06 23:00:00, +48 778301298, +48 718711860
1991-05-01 00:00:00, +48 336307343, +48 205280965
1987-05-03 17:00:00, +48 375862223, +48 791589021
1990-11-11 13:00:00, +48 150342433, +48 257305898
1989-10-16 12:00:00, +48 394769003, +48 120336682
1998-05-17 20:00:00, +48 944982677, +48 512067124
2023-03-24 08:00:00, +48 830230870, +48 187388350
2006-01-17 23:00:00, +48 404278661, +48 827899635
1985-11-10 20:00:00, +48 093459738, +48 779719508
2012-10-07 08:00:00, +48 379023042, +48 574922699
2014-11-01 04:00:00, +48 666511736, +48 675723209
2019-07-16 09:00:00, +48 553727913, +48 001993977
1990-02-05 11:00:00, +48 428159307, +48 021717434
2005-03-25 19:00:00, +48 288541727, +48 697652005
1990-04-06 05:00:00, +48 694330149, +48 000758126
2007-03-24 13:00:00, +48 143331618, +48 911004432
2022-02-09 11:00:00, +48 553291425, +48 532633082
1985-10-18 02:00:00, +48 254193884, +48 232316720
1990-08-29 03:00:00, +48 465157989, +48 075277940
2011-09-08 22:00:00, +48 861322983, +48 802907958
2009-10-08 16:00:00, +48 209294369, +48 454720649
1987-08-16 05:00:00, +48 378136098, +48 377674609
2004-02-07 20:00:00, +48 089711387, +48 226365863
1999-04-07 21:00:00, +48 721068494, +48 653695001
1990-03-25 18:00:00, +48 221476301, +48 463557247
2012-07-09 18:00:00, +48 043797659, +48 565624690
1985-02-14 19:00:00, +48 965844375, +48 517290142
2016-03-12 05:00:00, +48 751129818, +48 615109786
1993-10-25 13:00:00, +48 736966581, +48 992281789
2015-11-28 06:00:00, +48 936251419, +48 412994225
1996-08-02 01:00:00, +48 622761846, +48 983447804
2015-08-11 09:00:00, +48 288492232, +48 275306992
2018-06-11 23:00:00, +48 502196900, +48 560814202
1991-11-26 02:00:00, +48 983625737, +48 613706111
1992-05-25 16:00:00, +48 830802906, +48 181794980
2004-04-27 18:00:00, +48 673324679, +48 483979108
2016-11-20 20:00:00, +48 568251695, +48 057234803
1999-04-27 22:00:00, +48 131529613, +48 945940970
2001-10-18 23:00:00, +48 111072863, +48 610594454
2013-03-01 20:00:00, +48 048572453, +48 682823544
2006-10-05 01:00:00, +48 896091024, +48 655981860
1999-04-01 15:00:00, +48 763554298, +48 816881014
2004-09-12 14:00:00, +48 744657890, +48 750840228
2014-12-29 12:00:00, +48 444233888, +48 402821214
1989-03-01 02:00:00, +48 202529047, +48 373289823
2000-04-25 04:00:00, +48 956888072, +48 926749724
2010-02-18 02:00:00, +48 125086634, +48 943192443
2013-03-18 22:00:00, +48 312956647, +48 262486698
2020-06-06 20:00:00, +48 363174488, +48 054959200
1996-11-18 17:00:00, +48 143646884, +48 882791731
2016-02-13 19:00:00, +48 392632340, +48 732742776
2020-12-09 22:00:00, +48 276185596, +48 882195716
1998-07-23 00:00:00, +48 657540961, +48 651995074
1996-09-17 02:00:00, +48 246908595, +48 995094143
1993-12-02 17:00:00, +48 539293771, +48 777523258
2014-09-10 07:00:00, +48 166981275, +48 592411799
1994-09-08 02:00:00, +48 814349047, +48 335641708
2001-01-30 17:00:00, +48 161075622, +48 129741090
2018-12-02 01:00:00, +48 281450213, +48 669565604
1998-01-01 11:00:00, +48 220256700, +48 656455635
2010-12-14 16:00:00, +48 813591430, +48 055740904
1995-01-13 22:00:00, +48 301331841, +48 060931692
2000-08-27 07:00:00, +48 971947264, +48 753072107
2005-08-20 21:00:00, +48 525382198, +48 953282013
2017-01-30 08:00:00, +48 627591524, +48 198924649
1988-08-13 18:00:00, +48 201644732, +48 066623445
2005-02-27 23:00:00, +48 271218529, +48 124815380
2020-03-14 01:00:00, +48 998953058, +48 697102562
1990-09-05 18:00:00, +48 279865598, +48 281743980
1993-01-25 18:00:00, +48 752937446, +48 840594227
1999-01-02 11:00:00, +48 143234976, +48 022364470
2011-09-18 08:00:00, +48 423133763, +48 049554072
1994-03-13 05:00:00, +48 803611431, +48 281212018
2005-05-01 20:00:00, +48 715076757, +48 047326612
1994-12-31 12:00:00, +48 173754509, +48 567209801
1993-04-21 12:00:00, +48 603091864, +48 191050336
2022-07-21 11:00:00, +48 385544730, +48 680661345
1999-07-17 20:00:00, +48 640736097, +48 555341598
2004-10-02 22:00:00, +48 071872801, +48 780641358
2002-07-06 17:00:00, +48 422447581, +48 946276604
2018-08-17 20:00:00, +48 231479878, +48 679446444
2005-11-29 10:00:00, +48 143231080, +48 150319651
2005-10-13 09:00:00, +48 827077328, +48 030806390
2007-03-19 03:00:00, +48 890682239, +48 597121059
2009-06-10 20:00:00, +48 396956313, +48 329691281
1988-03-29 19:00:00, +48 448373976, +48 728391699
2002-01-02 23:00:00, +48 717678473, +48 338956043
1989-10-01 18:00:00, +48 776161628, +48 789291376
1997-08-29 19:00:00, +48 526705490, +48 961862989
1987-08-02 12:00:00, +48 881727699, +48 561373367
2012-01-23 15:00:00, +48 528557187, +48 238077425
1990-04-10 23:00:00, +48 043093580, +48 491179212
1986-10-22 18:00:00, +48 718013713, +48 650780403
2017-05-26 10:00:00, +48 816073925, +48 641403497
2006-10-20 08:00:00, +48 051735220, +48 954596985
2008-02-19 07:00:00, +48 990634591, +48 419672206
2006-03-15 08:00:00, +48 984724623, +48 318064130
1994-04-17 18:00:00, +48 268244125, +48 705668264
1986-04-08 21:00:00, +48 417407780, +48 559517863
2012-09-19 22:00:00, +48 461457581, +48 052084056
1996-04-05 14:00:00, +48 509080168, +48 513136697
2006-03-03 06:00:00, +48 424138553, +48 009189660
2008-01-31 04:00:00, +48 061466715, +48 523380329
2007-09-30 12:00:00, +48 330543787, +48 125755021
2012-04-01 11:00:00, +48 990841459, +48 099925408
2002-10-23 06:00:00, +48 893729243, +48 410537738
1997-09-13 11:00:00, +48 248358384, +48 858477252
2013-07-22 05:00:00, +48 998036205, +48 085996060
2017-03-04 21:00:00, +48 089080943, +48 466138139
1986-04-21 19:00:00, +48 743479522, +48 244801270
2018-11-08 19:00:00, +48 019167487, +48 642218535
1987-06-15 11:00:00, +48 055560964, +48 230989779
1987-08-03 02:00:00, +48 618475508, +48 439384471
2003-12-14 13:00:00, +48 023217571, +48 588219371
2014-09-28 08:00:00, +48 465501760, +48 740981388
1993-03-02 11:00:00, +48 967939803, +48 466100362
1987-06-01 21:00:00, +48 637448526, +48 387830805
1995-04-28 17:00:00, +48 080147589, +48 873638838
2002-02-04 15:00:00, +48 932815691, +48 452727869
1990-09-23 05:00:00, +48 699918398, +48 909798091
2006-09-20 23:00:00, +48 358517964, +48 409711128
2021-10-04 12:00:00, +48 426850497, +48 679414233
2005-02-05 08:00:00, +48 215031585, +48 379442622
1994-04-18 05:00:00, +48 379965239, +48 424074705
1995-10-27 13:00:00, +48 642328350, +48 569028503
2010-07-28 01:00:00, +48 246226671, +48 941206677
2003-09-28 03:00:00, +48 959619663, +48 729209338
2020-07-26 22:00:00, +48 329686135, +48 315583288
2019-07-03 14:00:00, +48 921375802, +48 712381035
2000-01-18 06:00:00, +48 508378291, +48 853985248
1998-07-17 15:00:00, +48 592502600, +48 198889480
1999-08-24 16:00:00, +48 549627885, +48 063430384
2017-05-05 05:00:00, +48 118958312, +48 353851578
1989-03-02 05:00:00, +48 219062651, +48 984870035
1988-10-18 18:00:00, +48 532347796, +48 604765491
1989-05-15 08:00:00, +48 869950401, +48 688871598
1999-04-26 10:00:00, +48 388338225, +48 565419962
2021-06-11 10:00:00, +48 413510708, +48 578914690
2004-11-22 19:00:00, +48 977528073, +48 314933295
1985-10-21 20:00:00, +48 968242298, +48 911281553
1999-11-27 19:00:00, +48 307595905, +48 860728235
1998-08-12 21:00:00, +48 166123314, +48 773453911
2006-03-29 21:00:00, +48 622778372, +48 528047713
2006-05-15 04:00:00, +48 601286567, +48 758846821
1999-12-09 18:00:00, +48 639899301, +48 704733175
2003-05-17 07:00:00, +48 441119552, +48 242118060
1992-05-03 19:00:00, +48 416536357, +48 922064749
2002-08-30 05:00:00, +48 725779944, +48 077612085
1992-07-28 20:00:00, +48 883843111, +48 231292929
2020-04-18 04:00:00, +48 989235944, +48 817350324
1987-03-15 12:00:00, +48 074048479, +48 847113294
1998-10-17 23:00:00, +48 290906646, +48 852462368
2021-11-23 14:00:00, +48 752955372, +48 759158140
2017-10-08 18:00:00, +48 829623451, +48 771516737
2001-07-15 10:00:00, +48 546709033, +48 514963304
2000-06-13 11:00:00, +48 841279793, +48 229689086
1997-04-19 19:00:00, +48 547414731, +48 554242117
2007-03-12 10:00:00, +48 578847086, +48 300793021
1995-12-18 22:00:00, +48 881309965, +48 759467382
2019-05-15 22:00:00, +48 814735769, +48 126500930
2016-12-18 22:00:00, +48 221373614, +48 791048760
2012-06-06 09:00:00, +48 644509579, +48 555931548
2019-04-04 21:00:00, +48 772205713, +48 047679553
1994-02-07 19:00:00, +48 455083261, +48 196763573
2019-12-04 01:00:00, +48 203846491, +48 922467011
2004-02-17 00:00:00, +48 817345044, +48 634612590
2002-04-02 13:00:00, +48 910667585, +48 230089807
1985-09-14 03:00:00, +48 731219994, +48 181421034
1996-06-06 23:00:00, +48 414984442, +48 095637042
2005-02-18 04:00:00, +48 222491022, +48 085718155
2001-04-06 01:00:00, +48 023619839, +48 832998308
1987-08-18 11:00:00, +48 715605445, +48 307060538
2001-02-19 17:00:00, +48 517918473, +48 074587818
2020-03-17 15:00:00, +48 284918408, +48 838751197
1995-08-04 17:00:00, +48 221844080, +48 812843170
2013-05-22 07:00:00, +48 064097077, +48 360170635
2012-08-02 22:00:00, +48 457081581, +48 831649256
2006-02-09 19:00:00, +48 274823426, +48 274246708
1999-11-05 18:00:00, +48 630060832, +48 620208878
2005-12-11 17:00:00, +48 369609321, +48 847716771
2014-11-18 07:00:00, +48 427806208, +48 595164730
2017-12-15 02:00:00, +48 703109266, +48 472742492
2001-01-25 05:00:00, +48 129247378, +48 002209842
2001-11-07 10:00:00, +48 953316427, +48 363646214
2022-02-09 18:00:00, +48 121735963, +48 963757140
1997-07-25 09:00:00, +48 361360109, +48 913839758
2021-06-05 09:00:00, +48 154047239, +48 633903930
1998-12-03 17:00:00, +48 231881101, +48 556742421
2015-06-08 20:00:00, +48 201416538, +48 393286825
1998-01-30 10:00:00, +48 861604528, +48 677262606
2019-05-06 05:00:00, +48 221283311, +48 204692028
2017-07-30 10:00:00, +48 393200444, +48 039863345
2020-08-01 19:00:00, +48 643367174, +48 221794174
2022-10-18 18:00:00, +48 420971631, +48 031234460
2015-06-07 20:00:00, +48 731916223, +48 042026059
1987-08-30 16:00:00, +48 717453484, +48 593675806
2004-08-30 15:00:00, +48 088947675, +48 576767462
2015-10-19 19:00:00, +48 349978534, +48 674768937
1991-01-23 16:00:00, +48 150954116, +48 593531395
2001-06-23 14:00:00, +48 610160525, +48 624949793
1990-11-20 05:00:00, +48 561576959, +48 648908651
1998-10-12 06:00:00, +48 394453462, +48 496289945
1989-02-24 10:00:00, +48 201252608, +48 123363839
2004-12-22 01:00:00, +48 473824358, +48 123915487
1986-01-22 06:00:00, +48 690689069, +48 376589566
1986-04-20 04:00:00, +48 336043569, +48 150401485
2004-11-16 19:00:00, +48 325857380, +48 515286928
2012-11-11 11:00:00, +48 702726342, +48 321270467
2002-09-29 03:00:00, +48 303446083, +48 756097975
2017-08-11 12:00:00, +48 338903841, +48 213314061
2001-09-05 13:00:00, +48 643176352, +48 806143172
2020-04-28 00:00:00, +48 221230381, +48 300557048
2013-01-02 21:00:00, +48 556975163, +48 828111057
2000-04-25 05:00:00, +48 949826452, +48 411359365
2004-04-23 23:00:00, +48 030615113, +48 313617565
1989-09-29 18:00:00, +48 091684379, +48 685107536
1985-02-14 12:00:00, +48 064422380, +48 600132234
2009-11-04 07:00:00, +48 442492731, +48 096453390
2022-08-12 13:00:00, +48 146169911, +48 465961396
1991-01-16 17:00:00, +48 306024879, +48 550384348
2000-12-12 00:00:00, +48 428440987, +48 449171970
2022-12-27 07:00:00, +48 107713567, +48 830769781
2016-08-27 21:00:00, +48 090682632, +48 205967368
2004-04-22 13:00:00, +48 899594687, +48 181238526
2016-12-11 10:00:00, +48 842132310, +48 632935776
2011-10-31 03:00:00, +48 428961618, +48 933202581
2004-05-07 16:00:00, +48 339058986, +48 760863345
1984-02-27 08:00:00, +48 308597913, +48 798815012
1991-12-14 23:00:00, +48 462327364, +48 941616631
2004-03-20 19:00:00, +48 752263700, +48 907855931
2003-02-15 07:00:00, +48 511421041, +48 154290537
1991-11-02 17:00:00, +48 941755758, +48 105936411
2019-11-18 22:00:00, +48 394085428, +48 401228861
2011-06-28 08:00:00, +48 757853437, +48 700259366
2014-01-24 06:00:00, +48 137865577, +48 811288908
1987-04-07 02:00:00, +48 965041403, +48 453072042
2000-12-07 03:00:00, +48 631666787, +48 631284448
1996-12-07 12:00:00, +48 681070356, +48 625344083
2000-05-11 20:00:00, +48 240226952, +48 935776604
2007-12-24 11:00:00, +48 417714897, +48 364272779
1990-09-14 13:00:00, +48 390675992, +48 027700592
2010-06-28 17:00:00, +48 019730942, +48 120571034
2012-06-25 03:00:00, +48 086933389, +48 097502019
2020-11-10 23:00:00, +48 031060065, +48 795578625
2016-02-18 09:00:00, +48 566101213, +48 648074974
2020-05-03 07:00:00, +48 683996531, +48 080609740
2004-01-09 17:00:00, +48 528845373, +48 146480687
2001-09-29 15:00:00, +48 429481960, +48 234640755
2004-06-23 09:00:00, +48 937630644, +48 211557568
2004-11-06 23:00:00, +48 670815443, +48 864153339
2017-03-18 08:00:00, +48 806001305, +48 618279813
2017-11-17 01:00:00, +48 952754649, +48 265310413
2016-07-11 21:00:00, +48 458229916, +48 092957591
2009-08-15 19:00:00, +48 291943369, +48 350950353
2003-12-15 04:00:00, +48 588562694, +48 081099489
1985-10-01 22:00:00, +48 210207926, +48 663026363
2013-10-14 23:00:00, +48 167170855, +48 339162357
1986-03-28 02:00:00, +48 594998306, +48 202570142
2003-11-02 14:00:00, +48 830349570, +48 806826810
1997-02-25 15:00:00, +48 238844481, +48 280243180
1987-06-01 14:00:00, +48 023512507, +48 325071316
2011-12-21 11:00:00, +48 713815247, +48 400235211
1998-08-17 10:00:00, +48 973920069, +48 646410541
2001-05-05 16:00:00, +48 615488543, +48 868309205
2018-09-11 01:00:00, +48 290785546, +48 404236732
2018-09-22 00:00:00, +48 913958112, +48 660278119
2020-11-01 15:00:00, +48 770892239, +48 808803320
2018-05-06 19:00:00, +48 427522296, +48 453210553
2020-04-10 05:00:00, +48 278368785, +48 720974632
1998-09-02 16:00:00, +48 961648945, +48 004285589
1999-07-15 13:00:00, +48 949153969, +48 635310065
1996-05-06 01:00:00, +48 137957505, +48 360868789
1999-01-18 14:00:00, +48 963137195, +48 807212001
2022-01-01 09:00:00, +48 635706392, +48 040164031
2002-09-07 00:00:00, +48 638419744, +48 359416372
2009-04-09 13:00:00, +48 742994612, +48 953386921
1998-06-26 22:00:00, +48 391292938, +48 609691463
2016-05-21 15:00:00, +48 413725178, +48 700602950
2003-03-25 18:00:00, +48 951735757, +48 189245557
2010-04-20 10:00:00, +48 309586005, +48 602481715
2002-10-12 07:00:00, +48 680141475, +48 162292154
2017-07-05 13:00:00, +48 205791473, +48 425699358
2009-03-02 16:00:00, +48 819117224, +48 385269973
2020-08-10 01:00:00, +48 468336290, +48 882652608
2008-10-15 16:00:00, +48 949942937, +48 615878278
2000-08-10 11:00:00, +48 862270037, +48 456639403
2018-08-09 08:00:00, +48 996963537, +48 486918678
2022-08-18 21:00:00, +48 246094924, +48 514785572
1991-10-20 08:00:00, +48 277170693, +48 037382374
1993-11-12 06:00:00, +48 846524764, +48 589632561
1995-12-20 22:00:00, +48 841496937, +48 187418950
1993-04-11 12:00:00, +48 035522965, +48 945401399
2012-05-18 07:00:00, +48 786319889, +48 816497074
2015-03-23 02:00:00, +48 130668059, +48 942185874
2002-11-14 22:00:00, +48 230141240, +48 956584377
2019-03-01 03:00:00, +48 812279890, +48 677744782
1989-12-06 13:00:00, +48 815885658, +48 328781583
2008-12-17 15:00:00, +48 712873102, +48 396485934
1986-08-13 22:00:00, +48 495401926, +48 847445962
2001-02-22 11:00:00, +48 158681911, +48 974840405
1990-07-16 16:00:00, +48 740485669, +48 546133176
2003-08-29 04:00:00, +48 650901592, +48 218021109
2012-10-02 02:00:00, +48 334264471, +48 843653645
1987-04-17 22:00:00, +48 106676881, +48 796296631
2011-07-12 01:00:00, +48 612188373, +48 352808812
2002-06-09 12:00:00, +48 204352829, +48 991038704
2012-12-27 05:00:00, +48 879869147, +48 794322613
1994-05-28 14:00:00, +48 832296374, +48 255952399
1993-02-13 00:00:00, +48 957713883, +48 186615907
2017-11-15 19:00:00, +48 898586598, +48 716830418
2019-08-10 23:00:00, +48 181447685, +48 275692045
1986-12-26 23:00:00, +48 526803479, +48 192804245
1993-10-23 16:00:00, +48 327441539, +48 939742601
2021-08-29 02:00:00, +48 541616210, +48 975540472
2008-05-23 02:00:00, +48 518771180, +48 275728226
1987-05-14 05:00:00, +48 946485099, +48 049405103
2022-10-06 07:00:00, +48 873678864, +48 473084802
2016-06-06 03:00:00, +48 996698205, +48 341964926
1986-10-06 07:00:00, +48 121522265, +48 125157911
1997-07-28 09:00:00, +48 762752463, +48 540289820
1996-05-15 13:00:00, +48 471392144, +48 818464460
2018-12-20 04:00:00, +48 335617758, +48 307165698
2017-01-02 18:00:00, +48 836910617, +48 699516589
2017-01-31 02:00:00, +48 253291367, +48 686382648
2020-11-14 19:00:00, +48 636514978, +48 072562713
1985-04-20 13:00:00, +48 566414757, +48 083365313
2004-09-12 09:00:00, +48 645284391, +48 515045860
2000-01-05 13:00:00, +48 082968136, +48 024517526
2001-03-20 17:00:00, +48 870561947, +48 205012510
1992-02-28 11:00:00, +48 805693179, +48 561925054
1985-06-06 21:00:00, +48 913081267, +48 273130399
2016-09-08 11:00:00, +48 913671402, +48 482547110
2003-11-19 01:00:00, +48 415366894, +48 045152937
1996-08-14 09:00:00, +48 418846872, +48 688883303
2011-05-29 19:00:00, +48 913144480, +48 028595135
2020-08-03 02:00:00, +48 964331792, +48 452678152
2004-01-26 04:00:00, +48 838072138, +48 062041996
2021-08-24 04:00:00, +48 480995716, +48 924205097
1988-07-18 09:00:00, +48 544030483, +48 271283972
2007-04-26 17:00:00, +48 911855774, +48 096632791
2013-07-23 01:00:00, +48 313325115, +48 479299631
1986-11-16 17:00:00, +48 917667425, +48 799800929
2001-03-28 03:00:00, +48 970137383, +48 285157773
2012-12-22 00:00:00, +48 672757630, +48 895095138
1989-04-07 12:00:00, +48 053001364, +48 455426471
2013-05-19 18:00:00, +48 241934097, +48 664421712
2015-02-23 01:00:00, +48 820809946, +48 483213664
2006-07-27 00:00:00, +48 098560567, +48 102149867
2004-02-03 19:00:00, +48 106983536, +48 962506736
2006-03-17 18:00:00, +48 341832603, +48 217416724
2008-08-22 05:00:00, +48 234526243, +48 145609511
2019-08-01 21:00:00, +48 921246023, +48 071755266
