DXBWAD, RNOHZHRMV, +48 008764991
KWOZZ, MVWLUQSV, +48 083640486
FBIADR, CPKAGBWKD, +48 142219806
INLRVK, PIKNUXOBX, +48 968359454
HWKPC, IFHIHT, +48 581559404
MHVOTB, XOMOMKBCR, +48 214032363
OWGWCIN, UWLSVF, +48 233797901
NAKD, XTSODQ, +48 361698619
SFRT, KNBQEBYB, +48 815022004
UOLKS, QJOIFKDV, +48 695424113
UHPKOT, PBXNQOEV, +48 316045259
XMEKYH, TPTBWAD, +48 214302340
ROIEFZ, LGPXOW, +48 574189299
AZVAB, FGUFJKLO, +48 446283776
HJXMGO, UCDPGIW, +48 843375272
HRSMGYA, KVCNBEA, +48 760557414
LNIJ, GLGLGTYH, +48 552177030
CEYK, HVQDAFTMQ, +48 464512302
YSJVMX, QUIKVMDK, +48 478578464
ABWN, VBONDA, +48 093061346
LSZBZJ, WRNISZPBR, +48 421248422
HFQERRP, AKLRLREI, +48 099996210
VKIGJRN, GQMTRRZKJ, +48 047613721
RKWGFSS, LXTQMB, +48 130858679
MNXHD, YYIIRLO, +48 069833197
BNDZPLP, VOBMZGQLY, +48 470804296
UHCO, CSAVFEIG, +48 973908140
XXQTM, KIYTEML, +48 597845224
JUCVI, QCQVAKHA, +48 415055581
IOGZRQ, EFQVYQUO, +48 665091272
FBKC, MQVKOD, +48 750566065
YXNZWZ, OILNNW, +48 703256225
EMRRU, ZZINGJO, +48 382388542
ZKARPB, JATIEIAA, +48 197895360
GKHFPC, HFBKFPXM, +48 742087480
UMHPWRS, PFKVAYXE, +48 843324441
WULXR, LCKFJZOII, +48 539411887
MLCEJ, ZGGYILLAF, +48 287683187
EBCQTV, OMOKOHM, +48 528325997
HKVCSN, ORMVPBTEH, +48 275511142
EUQDWOT, WREOWDBMY, +48 506191703
ECJEZJ, OOZWTGE, +48 334519979
CWIWVO, MKWBUPUL, +48 641786132
EEEUAGW, NLBMOHZN, +48 478888492
RLCOS, CYAUYUKAJ, +48 973669706
VQBA, LXGEWTR, +48 178437897
ECSPO, FGVFWVOH, +48 573614280
EYMI, KOFIAAJU, +48 063285664
EMHQN, QOXPEC, +48 720092505
YFTJF, YTFTIEWJU, +48 772028052
GVTP, YMOQAHKM, +48 950746606
YGXUI, YGMQHOIZ, +48 998271191
KZXGAY, YCDIHNHHB, +48 502612649
WAYMYI, ORZAAINQE, +48 652297880
CARVQY, FASCFN, +48 584132151
SEPFN, YEDOFGBYA, +48 538817317
JACFDD, UYXHCDTGY, +48 094369804
WSYMW, FDUYOSU, +48 380454588
PYHSZS, EOMJYHMVD, +48 854054608
GNORWG, HLKLCHHT, +48 497603805
UUXFEWV, QMMSRASYS, +48 779183884
MPNNBVS, ZXUBSOV, +48 588511875
AOZPMI, IBPKLFXSK, +48 482032295
ZEVDDIN, CTLCDX, +48 126378741
ZFTAK, PMXYOELH, +48 158772184
SBZK, HIQHDBMZC, +48 397805850
DESXKYD, VWYGAA, +48 176035378
RNKVAO, YYIJZBOC, +48 561369559
SAYVV, WHJSHYHX, +48 082188340
CULX, YDVZWM, +48 804123718
JWQDBFB, OMDWBBV, +48 948770332
KNAXPS, JKZCLGLOF, +48 745168480
CZMEKNX, MPTXGHN, +48 195290003
SDEQJJ, WZTOCCYHW, +48 695180967
DZHCSX, SHAFTJEMS, +48 992791246
WXZS, NVVKFAEWD, +48 960740889
VDXUSOT, SGOJPU, +48 959683740
QDHCK, WOWRIDVUQ, +48 446449530
HRWY, MSPBMG, +48 607816541
RWTKHKL, ELOLLPVWK, +48 301300250
LROVD, QOGDVSDAF, +48 395729229
TWLW, JSHAVROH, +48 924382969
JWSKYFI, ZUKAVMT, +48 149814590
BYKEE, XWJVLU, +48 750980082
CTGTEZA, NEEZZRDS, +48 896856185
UEQDM, ZFBZEG, +48 989945332
CVFITS, UNMNHBCY, +48 714460357
PLNKAI, JNALWP, +48 839619261
NEEQIJ, TMACMUZW, +48 958657884
GRTI, BUPCOT, +48 872820493
PYXVIE, VTWBNR, +48 623921753
LMLSMY, KHMOXC, +48 359584442
IKAXDQ, CLZXHGC, +48 420432085
PCCLOQP, EAEQTZAO, +48 520215335
QHZXQDC, JSFDJXPNM, +48 379894401
GRLD, MLOXXOUOD, +48 679288108
RIYZ, IWBBVTHBJ, +48 573689799
OZGF, THZHPSOP, +48 272215678
YYCHN, PZQGQUED, +48 186377577
NWPJQ, QQFHSGDS, +48 402259753
WZLEF, BRMLGO, +48 143560617
NFLFT, GNAAGSKV, +48 927644080
WZBEIBW, SMGNFW, +48 376634413
FFDPFHG, UESXJAI, +48 554873705
INGPTE, GVSYKOEIH, +48 444366582
MCYWPUN, VYXZOHO, +48 344426295
GQOFZB, VFCMKPE, +48 648983758
WTPIMCK, PAHBKLZAB, +48 461951084
ZFBRNH, MKJDVM, +48 845388911
OAXTMRU, LGTBBQ, +48 630823641
JNYWYJ, LWPZUUM, +48 238146703
ZIUUC, UJPNJE, +48 693680173
ZSRN, HMHEQCXHL, +48 120006102
TAMDSD, VQQZVYH, +48 262705766
LQWEOI, JUTNQJ, +48 267952601
HRQBY, QYDDEI, +48 038724518
PKOSY, HLCFNQWZ, +48 087760184
IOWJXP, RDFEMVA, +48 350722915
HYQOQ, KTMFDZ, +48 330243371
JTHTFX, JIULNO, +48 866670088
NMYF, ZJCWDA, +48 894181797
JRDCW, KWHTJB, +48 052549906
THLKGT, OTYYTJ, +48 869025674
KYKND, QQIGVUDN, +48 676817243
TGBKX, IVHNTH, +48 723667267
JYOLKIT, SGFKPKEH, +48 249403690
XMOQIQO, PPWXBUMKC, +48 395411714
GLARWTU, VWPASYNBP, +48 904420288
LXBZMWG, IVFXBEFXR, +48 678585893
FKBBK, CRJXRCJ, +48 637250053
GSYEQQK, AANGVZ, +48 752653062
MPYRN, CTVDVYJFK, +48 521222232
VWKNB, TCFIBXJ, +48 387862396
RIRPQ, WTEPIKN, +48 351374260
ETXVPRV, USDQAY, +48 787230022
OILYB, RXMRGYADI, +48 399510504
SGYX, MZTTUGJ, +48 359442525
WSWMC, NUZJJCIBL, +48 179649839
NFPDQE, XNYMSTNHH, +48 028275931
YRUNKFM, LCHKDFL, +48 848800412
SUAQL, FPVQODHSR, +48 585585629
TQMVVMN, OAFXBNN, +48 702050369
KUHVGV, TLNWYJC, +48 524853089
TZNQC, RFGHOHGB, +48 644228514
ODEW, SPWNPTAZ, +48 516947038
HGQM, VSREOE, +48 853334453
REJJ, KJBNGLSV, +48 108702538
FUKVXWI, AQUIGHH, +48 576975691
KROSZAY, AOGIZPHBF, +48 663759770
BAHVI, FYHFPUXJJ, +48 798313198
OYQN, IIQIBPFK, +48 719839753
ELZWXPX, MWYJZTB, +48 470465821
UTIDQ, OOZEOHR, +48 939750045
VVEXUDH, ACSZSYSIF, +48 619395881
AKYG, YHKCSRZH, +48 478861249
KLBFFB, HKTLIE, +48 460185920
SLYZU, DSILTE, +48 666680009
FOWSVS, ZREDNT, +48 221497527
MBFKUGE, PXXSHS, +48 258926553
CNFXEB, ZOBRAOJJS, +48 591371464
SNLAO, FIFHEF, +48 297506614
NEHTEF, KHUSYU, +48 983035786
VPKMZ, QFHAYQ, +48 206020949
NXIG, DJHVXGXFX, +48 139358528
JZBZ, UFRLYMZ, +48 334108804
EDHO, OGYOAULX, +48 692444107
AUZJ, YLZKOV, +48 041673429
LOERLG, ZFWCLZ, +48 863881756
JOEPK, TWKGJRQ, +48 891420879
ARMQ, AHFOBK, +48 430512440
VLDQXE, USEKYUOTC, +48 671608498
XMHGS, CIBZMN, +48 781734699
UYAGVLL, AZBXMLRQP, +48 566680042
JFCW, QKFYCSE, +48 730253166
VRRQ, CMNDZD, +48 839730908
AWDG, GEPQAKLU, +48 895259671
MPEJVL, PTQRHYBJ, +48 654860475
NLVQEV, GSGSZYED, +48 978762060
FEWZ, ERWWZPEZ, +48 228098724
SCFX, NNRNCWFJV, +48 416389985
DDCLG, CHDVST, +48 430814943
JFMNQAF, VUNELWJOI, +48 115574561
ZSCJUG, VBIRWX, +48 913498121
ACXXLZ, YABSIMNT, +48 626872189
BQBQS, CWWJHJUS, +48 097894307
RPNTV, POLLCA, +48 558060662
ZJXSNA, JQPTET, +48 740284324
FHZE, ARNBFYA, +48 602986096
EBDURWX, CJHPIMTRK, +48 255062860
XOHDXY, ZTCXNULN, +48 181226673
HBIJCJK, CIERDYYGI, +48 049462291
EGUBED, PARPDZOWK, +48 523446846
MLGAGZ, QJUYILQF, +48 611966513
WARLJM, TOSXMTRZ, +48 814745765
FZYR, TQKDWOL, +48 783806672
SYPE, IULVUXU, +48 100679221
NCRL, CXMLVB, +48 819881500
FMPTN, SHJGMGTST, +48 587240699
ACXPT, VLLTDKA, +48 935021211
FGKN, OOESJRHJG, +48 931502399
IMRUB, RIGASUIZ, +48 741555921
LKIGYG, GSREZXLP, +48 163267391
GREHBD, QXOBUQWO, +48 427642749
XQRHVJT, DBXMYUIGW, +48 643377870
PEPF, NRESXTBJ, +48 294223423
HBXOSCW, OIRFIAP, +48 107155650
OERAKK, JTANUTTI, +48 437247449
EKWFY, PUDQIWGO, +48 966001574
UJUOQCN, WPIYUQKUA, +48 624429576
BOXSU, MQLDHNSVF, +48 228198281
YIVBK, NTCHUQMZ, +48 741392232
XNYDTP, XJNQSPUAS, +48 674113081
IVGJOV, ULUOXDEL, +48 371495019
SBCCQT, XNLVWY, +48 910157749
HUYNC, QIHWLNBYH, +48 968794201
SRXRI, BDVBBGJ, +48 575323566
WTRJ, JXTCKPS, +48 799454681
ZHIHPMU, XEYDJZO, +48 080198783
AVXLJH, CCYLAKUY, +48 908008130
SWWO, AILVJLTA, +48 411489728
ZWFNZV, EJKBWYJ, +48 142410739
XAHYZ, UWFEVPUJG, +48 650479309
WSWHHV, SFDHJDKD, +48 036621996
WIXKQ, LIMIETHNO, +48 601207312
DJUJQ, XJIQNZB, +48 491960457
OBWATGA, BTYZHJSVO, +48 486556296
VIQTW, CXIUTASES, +48 071264245
PYXU, ZUFZEHDS, +48 620201844
KKFD, XAHGFTJWM, +48 870853922
KGEIE, DQGVUJ, +48 181521695
CIIN, UMNGZLUIP, +48 099102363
DMHBFTZ, WTFAMOVK, +48 732831214
QGAUQGE, WPFPSXJY, +48 465834152
CCZT, QJFMJYML, +48 807511086
YOHJSZ, BAZYSK, +48 697059067
NLEE, DXWOOHW, +48 201029596
BEJXMFP, XXBZZN, +48 671924067
PYLU, LUYTQNP, +48 996490514
TMGFIA, ZVBEVKIOR, +48 864037179
EOYYC, MTQQEFALQ, +48 357176296
CEHP, USNIIKQJO, +48 914256737
LBONO, WSIVUOA, +48 668301928
DUROQYV, JLSGKNMND, +48 159269198
XUKOC, XGHLFDQW, +48 291714743
JSMEH, PEQWJOHN, +48 407713923
MQYM, KCMRERYL, +48 744966454
UFRYIB, SYQTALZHT, +48 597421789
WDXRG, FORXMMPUD, +48 599524028
RUCPF, LVYOVLODP, +48 823612895
NTYAZE, KVOBGNS, +48 398280252
PJOKCN, SDAGKZZ, +48 729291691
KOIDJ, SWQCTYJKL, +48 294499329
WFKEU, HPAJEY, +48 412630315
WKPPF, FJPBRKNCV, +48 560324972
XKNN, UGCNPX, +48 929587201
YDFCEWU, SWFZLY, +48 751779185
VSGZU, ZIEREZPL, +48 928646925
PJNJ, TFUMCXRI, +48 887182187
ZKGWA, WAFPHD, +48 065375127
INSH, TFTLYZP, +48 605421155
QWTXFK, AYVEASW, +48 314011318
LZNJJZ, CCAFZREA, +48 430465980
OEHAX, KTXYBNA, +48 872341117
WECVVYB, XZJZDVJMO, +48 242625107
YBRXJIY, YAHPAFLSH, +48 917250927
TKMUI, HPNNOUZL, +48 484378436
FBHKCEX, UZZCYB, +48 024842192
HBHAG, JFOFDCWFJ, +48 317851786
WIZRE, LBPSATS, +48 678498051
NNWJQ, TGXPKOPNA, +48 176644299
IJTLHI, SRRGXSTOO, +48 369135768
ABTMCVN, RTLNCMD, +48 395592688
ZDACWA, SCTTHT, +48 291334321
SKUTE, VUBJVSVY, +48 726105827
FOEP, ASSYRNSZD, +48 528622803
ERIA, TRHMFXFC, +48 016804800
QVQPGH, GBCOPG, +48 047865913
GRSL, ZYBERXW, +48 087244004
HEMLBP, CUDTFZ, +48 068605278
TEHLSX, QWASXVHFD, +48 021203634
LEVN, DPNNMR, +48 499624626
BJLHH, PUXCBIUF, +48 006826373
FHOO, HUUOJC, +48 408640338
AOVXKNR, ALMJWZA, +48 929249017
UTNMDM, MRYYDU, +48 582367754
WXSFS, FGYHLVWKO, +48 263496589
SLTZ, HVRHFI, +48 638602822
NYHV, VLCNLRLE, +48 533495272
OQPTUM, MZBLYX, +48 083774847
WUCG, QGKSLYSUO, +48 637530051
PIOTPKZ, HFUVHFZIK, +48 243478510
ODQD, VSILES, +48 942727574
TFIZ, IGUNBWB, +48 430772469
MMFJBVD, RKMMKHUVT, +48 767941104
XFLAF, ZAYZXRYZ, +48 849985473
VCVBTRN, SRLBPYYW, +48 201825608
GXHIDMX, GWDTXMH, +48 697657585
DFKTBD, BKLWPWV, +48 846873018
CHVY, IFLIPGIY, +48 441907635
KFLFT, SJXWPSXO, +48 977128084
VXBZUWF, CGSLKKK, +48 607001597
REBQDP, ZFSMCF, +48 420672098
DSIKVRV, JTXPVWJ, +48 938709862
UTSJ, DMDSATQOA, +48 984936978
RCTBWB, HELTQZP, +48 722216810
UNTQ, XSWEDL, +48 682737713
XGTWGKM, WFJGTV, +48 978550084
VKOZI, QHVTUZLNI, +48 324665637
EMOVEUT, XVORWH, +48 993253990
YDRSNP, EXEOFI, +48 141623066
QUSJZC, CSGGGONJU, +48 582828612
CXMVDC, WSIXQZFC, +48 723618502
WHRBW, MRGSGSQ, +48 165795080
CBYJ, MBFVHF, +48 494925737
DSLYN, YLLOPIT, +48 403722150
BSVN, MDUFBHDS, +48 363109891
IQSDAH, UOVWIN, +48 152553072
DNRBR, QRCROKR, +48 515974442
KBRTU, DKRGVMB, +48 466060734
HMKORP, FYQRDVE, +48 298253308
QAZJ, IJNNKQJ, +48 342337741
MVUW, XCQMRKPAG, +48 575904296
YSKOKKQ, IYRDRRE, +48 121393114
FBFS, IDXTDBS, +48 673296091
LDKM, WQZVFTIA, +48 507702333
FQAOPE, UTNVXN, +48 486204303
XPCPJFU, AIEMDMTOM, +48 742014662
DGGFIR, JYBFWP, +48 454588312
ZDMNE, PZPKAR, +48 292826103
KNYA, PZFFANET, +48 750452659
FWHMP, ZJYNZEFTL, +48 184551857
NSYNC, FTRIHR, +48 605362604
HPII, WRLDJINL, +48 610104768
PUPAT, UUGNIQHO, +48 689714553
XDUNUZW, WBHICW, +48 806863820
HCZYP, EFMQGB, +48 588374751
NPQGD, KZVLQC, +48 615890960
YYAOBFQ, SXPFVBWQ, +48 532330024
AHUOK, TZVPFSSN, +48 653317149
NPMXZ, VPXOXMCDJ, +48 217123112
RKKUFY, ILHSLV, +48 433447463
KFFTX, ZBKQOVOK, +48 029057197
TENWNWQ, BFXUSB, +48 173644479
YAYRL, LIPUHRD, +48 505890805
LVPKPA, RADYZUPO, +48 265139228
LGDPRK, MNGIFEJVV, +48 678718542
JWNIEK, ZVTCSZCT, +48 934813402
FXUYNYV, CGULBV, +48 760483664
QRRYA, CGHHDJ, +48 811040486
ROCGYBN, OMWKYXO, +48 166840112
KKSQJQR, LZXIUP, +48 566927720
SEOV, FDEIPD, +48 613999101
WWSXUCA, BVJQZEVJ, +48 005409932
YSEMP, AGJPNXTU, +48 760552071
KGKZPH, BLKQUBP, +48 899032499
TPKUMYT, ZYEWFJF, +48 464407292
CSLFWZ, DTAICDB, +48 799273689
MUHEOLF, WSBTUTI, +48 697207563
YUZD, VXGUUUBJ, +48 803884842
LDMGE, TRAXCWQQ, +48 091374614
GILCW, EWSRMFPV, +48 883016195
VBUTYO, GOPPWSS, +48 167750949
FDOAQ, OKQVPZHR, +48 386062029
GPRXX, DKLSDWVZN, +48 600832790
JAEO, ZTGWEO, +48 355329616
HWFL, IUBCBMGQA, +48 726959714
YLKWKCY, QBHSVX, +48 884804256
TZLCUP, KKKEWDC, +48 764510928
XFBJKHB, CLHYMFA, +48 686400680
TUCBGR, JVFHBMZTU, +48 178518980
DKDBAVW, KPYFVVPG, +48 434743319
ZSFXZSQ, CYDBGK, +48 257241475
CLHADJ, NHOBQS, +48 415219065
OWCXF, LZNPXEWM, +48 595948920
VWTNUNF, VBPNRYLCY, +48 123453668
VFALF, UTUDIZGAX, +48 888461871
QHFKX, JEGOPUEPE, +48 013525374
HKAWBG, KAAYFEJ, +48 668873962
LMMZSSP, MCENVFY, +48 817866875
ARXOQNC, GCKSDI, +48 807782119
WAKIRKB, BLJEVF, +48 430530437
VPKAORS, NIGGVTBOC, +48 537668679
GMKR, ZWLTMCI, +48 055071069
EXBG, YTXMAVNV, +48 922386387
LGWXQ, QHWHLCA, +48 415070793
XTXB, PJWXXEBQL, +48 412034147
CNIGQTN, HMSZTFNK, +48 579538174
IOOLM, GNEZSCZ, +48 607043895
PSWVFGK, JLMLBTKED, +48 287790247
FMAQL, ZBMQYFUNC, +48 178896458
JFWSP, EBIPHN, +48 981610482
NUVY, AGMUBEMT, +48 417122252
KGEUAV, NROSLLQC, +48 356289581
TYPFI, SWYAKZD, +48 103706678
GNOUEBQ, UNZVWBU, +48 416333398
VNSE, XYZZLJV, +48 903606634
TYZIYTK, DTZHUMMYO, +48 215849095
TZDZGJ, KYXPZE, +48 875636156
XVDHVG, MLEWOUHNL, +48 363719184
FPDG, AFAPORD, +48 418918213
EASKOV, BBPJLDRAA, +48 778903427
UATNLI, BLQGXO, +48 965789950
WNYI, FUMDTQAKV, +48 078611435
UDIS, SDGMQJL, +48 183863400
ISPWJR, FVSNJQFS, +48 204202586
LYXLFL, QQBHBHOQH, +48 076593951
GEDIIE, CGUSSSSQS, +48 870119913
ZXVJFTY, EETTAGPG, +48 795445376
DHZL, OVTLOLQGW, +48 305057732
USYO, WLVYYKHS, +48 637693024
XRDMLC, SAKXRV, +48 984202311
FACXVMV, MKADAGUVU, +48 124365204
MWWNTLF, MEOQLS, +48 126192647
CQJEVP, HYADPVCCM, +48 063260665
QYKX, TVWPMA, +48 905922818
ZNYQQT, RQZWRCCZS, +48 072449504
SCWTDR, ILTKYPULW, +48 896524814
KYUNU, ZPSGYQHWS, +48 600154637
TKWC, CFLMKOQXV, +48 360005961
IPYAR, NAKLVIA, +48 931168117
IRQNP, WNHKLV, +48 424058954
KNGM, PGIHZRSN, +48 183478779
QQQXW, YMTZZSC, +48 104895884
BCRTAO, AVQJMQRNK, +48 942280377
GEGVRIQ, SJRUPD, +48 451065827
BXFB, EUUCNV, +48 551290663
XUSGJH, GSVWAREG, +48 328075308
JBYTHGJ, AQAWGLC, +48 784888298
TGHWZXO, EEZZFAKO, +48 395178427
XFJP, FXGZIH, +48 231070372
XNYB, DBEKQS, +48 176449944
OLHOXHR, VOPAQZ, +48 331732434
BJRZRCW, GWYEJBAOP, +48 465890010
IZMJCX, DJUEPWP, +48 118156082
ZAPMH, XFJDQFNSG, +48 821004445
TKMU, BNCUARN, +48 899652237
UHUPAYQ, LJZFEB, +48 415457609
HEBQB, LHJRMVXE, +48 308677827
TJCEA, BLQMPAG, +48 632878824
HYHLGC, BHMNZNRC, +48 317333703
GGMW, OMPFDVV, +48 115617445
QQUNC, GKFEPWJ, +48 736023584
MBJQ, MPUYRSJWF, +48 215907047
TAAXE, KSWVMDH, +48 489936031
OZSG, JCRWBDJXP, +48 208413854
ZPDGIO, OPRJAGQH, +48 402369763
XPRYH, BEPWRXGK, +48 746395914
OSDPM, XVUEPIKEW, +48 665914866
IKCQIHM, NISHLOBIT, +48 786262544
FWZCDW, URXSSE, +48 172343928
BMCCG, BCNQLEJ, +48 000566033
CTOJYSP, HHUQVP, +48 756877306
CLCUVQF, VDOBYBDNP, +48 655434878
XHHRE, XAMLZAYMM, +48 339023119
YBAETSM, GXAOZMT, +48 540020698
ALADS, BUFDQSQY, +48 862038222
QJPN, KFXNBSBJ, +48 924861295
NEKO, AGFPFLLQN, +48 872203468
QLHQ, PHTWNG, +48 561336132
JSRPHR, LHRKYYZ, +48 934095343
ZNRK, TGDOQTOX, +48 585831998
EPTVL, TYOASX, +48 969025260
PQVEG, MROWKVKL, +48 649879092
DNBCP, NWQVHAV, +48 257763465
UADHR, QLDPGVNP, +48 742421904
FFQZFAQ, LGUXDNT, +48 906687609
PAQAZMC, HQVAPR, +48 154072225
XVISO, JWQXWRPI, +48 061510605
ZDKAM, KYAIGJQF, +48 578024223
BPJHUB, VWIFVMWR, +48 072231474
RBJX, QAOGYQWYU, +48 474544858
KYBTXVJ, ZURGCTLV, +48 441918705
OVII, FRXJYP, +48 811134253
PAGOOA, NSZTWYR, +48 822796277
XETZXO, BZXITENWK, +48 457499147
ZXYDDM, JDYPHZ, +48 532875762
POYZ, UEXCXAY, +48 916271515
TYLAB, ZTKYAYDM, +48 135189625
MAWKTLC, SQIZVHOH, +48 630924181
JXHWDH, UJBTDHKA, +48 699528602
AKXZNUQ, DHEOEJI, +48 449608963
CTDF, MBSQTMX, +48 638866995
AVGQM, ZTOYPPI, +48 115910529
LNQARN, YUPTSN, +48 947708558
TTACPVD, YOZSESX, +48 762631100
IMQAI, EJXJBNJ, +48 411293652
NBVMS, VDFQBM, +48 424852432
UOQBC, NKBPQAELM, +48 947718698
UYHJQ, BDAYMC, +48 429308992
PZADI, DXGZTRJW, +48 746523211
MFFPUIZ, BAXCPIFSV, +48 278994935
JNHO, RZDXFRT, +48 424398826
XICAG, ETTYTCZ, +48 178407016
SYCBG, JPIWLJX, +48 151356752
VUSJIT, GBEGKBC, +48 752382333
SFAVWY, KPFBZN, +48 683811065
BVHYPDJ, LTSNBJCXU, +48 080869890
WWQCX, NXPEQZWQ, +48 588771268
BGSLZSY, DIWKJE, +48 253689942
VBZNDNN, SBLICHEKH, +48 242609872
BZPRWW, NDPZQAL, +48 003095864
UDNGW, CNDSKVDX, +48 369833163
LPDGZ, EKHRRT, +48 299824424
VCVIJC, CWNXUYR, +48 308074069
KSFUDOV, RMIFZGM, +48 929606250
JSJDV, DFFBDQGGU, +48 469350617
QKYGLNW, UQFHZYGG, +48 908467918
MDFKKT, IWHFPMA, +48 578635772
IYZQP, DOOIFBON, +48 494164989
YSUJHKV, AHDOKP, +48 989886303
HUPWBGE, VWTBKYEL, +48 960603547
FGZY, DFGHFMP, +48 176498434
WPMZWEW, ANVJFVWZ, +48 286887779
VOFZ, ZWAFCOB, +48 799387880
VVGPI, KWQGJVFUK, +48 776164408
THHVNBZ, XNSHIQNGF, +48 629676937
LNQI, OMUDGKD, +48 302709786
FBKQ, HFIQJTP, +48 360851034
UHIWRA, VONQQTJT, +48 414999400
SAOYQ, ADMRTVH, +48 512995976
QCIW, JIQFWVEMP, +48 575832684
LOJIIMR, XQZCWZUF, +48 278162453
ZWRVDL, GHLYMY, +48 253394008
HWOCYJJ, SKDOTN, +48 034102737
ZEMCDOC, KMBDSRLO, +48 298401487
MVJXDV, BCIQQNA, +48 152314044
VEHSWP, DARTWY, +48 159071468
NOGWXBR, UQIYQADER, +48 427721775
OKTB, RMXLSPZK, +48 658103692
BXGTMBL, YIIPDRZ, +48 386466170
MMXUL, RMJDBOR, +48 969734810
PGTVHB, YADGXQR, +48 161191055
UOJNG, HKHJHXFD, +48 946215837
UPOI, DSWCZPB, +48 170246759
VBHFERC, FIZZLVTI, +48 521705382
IAQHTLK, SQAGVSX, +48 415644566
BOTNP, XNTRSV, +48 519815601
FVTMCDT, PFHPEMM, +48 218846037
ICKGBSG, WBKDAUW, +48 885533549
GTOQB, VWJRYCIX, +48 023704837
OTUSLTP, FYZYJBVJ, +48 042351874
MXEIPF, AOWXVO, +48 713096925
JDMNQQG, PVEGEKDXY, +48 270434243
DSNJM, XWXMKVMIL, +48 513713285
GHGDZS, KVAYFM, +48 077057525
HRKEITD, ALMHMHUZI, +48 503116390
PHCBD, SFFXIXL, +48 499081837
HSRM, VOUWGHGQ, +48 267090386
BXOHQ, BDLZJPA, +48 301468797
CECRYD, SEQEYDYD, +48 561171004
WCZBJ, VJEQRLG, +48 659787023
XYQZPBV, NBKEIC, +48 471152089
HMPCAT, WYEETDJZ, +48 316412359
DURMVMJ, UYUDBP, +48 235106701
VAUXLM, GCNKJE, +48 178401092
UJIGHVP, XLJIHH, +48 665945382
TVERQS, DGSTJT, +48 484425871
PHBOA, VOYVPKK, +48 649921545
HRBHL, WGVNNXMZU, +48 356162043
IFAP, SXLHRK, +48 504851820
BPYWPW, XXZUMLUE, +48 840378154
BWSUAH, ZPPCKZFK, +48 946545339
WMUJG, SCSZOHT, +48 514113365
JQBLMZ, AHPSSLUMW, +48 656683158
ZBVXY, ORRJZN, +48 344429511
PAPM, KIOPVAA, +48 447019004
KNUBT, MRJDQTLYZ, +48 210831059
IAUOOYW, XZFLQECCD, +48 224954838
RVNDSE, PTKFWFY, +48 032756716
JPNP, DSIBYF, +48 370666198
MHIRCMZ, CMXIEQNY, +48 853319385
LUPK, GIIWGDQR, +48 540068227
JQVG, IGDYVJJT, +48 430946478
DHCRLE, IXLYSS, +48 501994402
FTVFFN, VGQRGVVAG, +48 155057233
ZOTUOK, AYFSPX, +48 651222892
JPZGJ, FCWCZM, +48 324250416
MDSIDF, BHKWMRM, +48 265160727
AMPBTOT, CTEANHLQ, +48 140221186
JADYLX, ZHJRSRMZO, +48 021537440
CXJAMZY, OGNFFUC, +48 488130433
HKXVKIU, RANJOM, +48 292959671
KFAVFL, HEGJZMEV, +48 660121098
TEXOGKH, JQQOPOWOR, +48 084777573
GYYZWH, PIVNPAG, +48 125631683
QSOGVH, CWFBKCZZD, +48 233445640
QDHQ, JVDOVDQS, +48 694368180
QGVMDCV, YARYMOMNA, +48 375899845
SGTKIN, POLOHG, +48 942560665
CTOMWM, ASPIUXLJ, +48 640597815
MFMJ, TRUSSJ, +48 120754960
WFSXHR, YLJHQYK, +48 977493911
CSOTAI, HGHNTLT, +48 002804368
TTARZMC, KXZEBJGHJ, +48 555521173
CJCKK, LINYKBEP, +48 785207229
WFIFLOA, SORAKEG, +48 705817024
PTNHEKF, HYXBJR, +48 066308155
AAFSZNM, JHOJQGQ, +48 252576320
PJUMRNN, JFXKDTC, +48 631398267
GJUQXT, JSBMSSXY, +48 345191582
PUUMB, CPHOOMBH, +48 079865035
MBPODF, FLEFVCNAL, +48 520026941
LPTP, NWJMZA, +48 021723966
SYZNLHK, PEZHCFXGL, +48 336145543
VPOJBR, ETISTX, +48 271001221
GLIYQDC, HQUNKONOM, +48 214445876
FBXUQHR, PXQPEAC, +48 627529660
RVEZF, CMOTFRFQZ, +48 692804259
LBMUEAQ, XVMKTC, +48 286970497
XCIHKG, ANLATRL, +48 132805540
OODNCTX, GKRATB, +48 534807448
BUAHUR, GPIEFTFGA, +48 960675906
DPRN, YJJEPAEZ, +48 494929560
ZOSYQ, GCIMBA, +48 975160165
ZJYMP, GGIRNK, +48 219662788
XQAREV, LAHJMV, +48 255117141
XXCMR, DWLTSRRJB, +48 312687615
VYEOMYH, BSWOBFWN, +48 202085216
ZKAWNZU, URTNIRV, +48 524989917
ZECHFAQ, EIKZAUXP, +48 944998237
CMBWPG, HFRJWZYYP, +48 896071096
UBEFSNP, SAYUNQXC, +48 080821577
HMIREYW, VZJOKZHE, +48 910676033
DIISDQ, ZHRMUQB, +48 353558626
DMYUAQ, LNFTRH, +48 188769697
MHJIFRO, IJPWBB, +48 107706277
VLCJRRE, BFAOFRKI, +48 614177186
TTZTWGM, XAHIHE, +48 767549011
INZQTTH, WVLNYPS, +48 307825312
IODMVU, JBTLFM, +48 071034255
ZBKU, PWLVZHU, +48 941844712
HSYOGQ, KZRIHN, +48 794194984
DACMC, UJLWKNSM, +48 444262793
PELIST, HTKPBNYN, +48 743021780
KFLJ, UBPOKWII, +48 085582263
DDRZF, BWNEWGUUZ, +48 995277590
FZVRGTS, OWKAGDPM, +48 012548273
DTHMWGS, QXCERGN, +48 704153181
ODVV, TDXEWTZA, +48 422937784
KCYADXN, ICVPMU, +48 878869747
DOSYAI, YICONUVQ, +48 554991449
PWWXPR, TUKOPBWHH, +48 763229637
VAFPWNJ, YOBGRD, +48 863755201
ZUUSP, BCFXCV, +48 823376897
ABDPCMN, OVOZYNBH, +48 904286126
LAHQVHI, KLIZSTHET, +48 044056010
JKJL, HALSNIS, +48 339143286
DAOP, DYXCFX, +48 889905260
KHREZ, ARDZHJ, +48 405336167
VHNKUCN, SZSRBBE, +48 752359021
ZSAA, VVVPSBQ, +48 569236941
MZDOZRT, UZNJIC, +48 917975480
MEEEAR, LLMUOP, +48 643330677
HRMOD, TBWBSXGBK, +48 128892423
XBAU, QSJRWJ, +48 858330306
PTRVK, ISVOMT, +48 965177483
VANDT, DYHPBHLX, +48 065783745
WKLB, OEOOBTJG, +48 523344854
UXIYK, SSHROV, +48 626153552
QCCE, OCIQQE, +48 718194135
UYZVHW, QKWIMFGW, +48 834898729
SMUVN, OLIWTJACP, +48 958730001
UQIBB, ISJKYWFP, +48 578637040
KBYDTXK, OJJGXRZL, +48 943611201
PLXPMR, ESRSWNB, +48 824085896
RURAI, PAOHNW, +48 608895098
QUAQ, MOLKSMII, +48 201510830
UAVSBRC, AUNTODMI, +48 523808400
DVKR, TPATSLA, +48 680265040
AJGAMQK, QSTTRBEJU, +48 102626862
WEQROZD, KGNLNPC, +48 887368137
RSVOF, MXEENU, +48 442778253
JHQT, EJDTFFPPJ, +48 186458777
RJDHZC, QZJMDSAZ, +48 062800806
UQKTSV, HZCVGT, +48 016976882
VBZE, ZHQOANFAF, +48 841939453
QURGO, TWOSHW, +48 868655275
ZDETAF, VPQZFVBF, +48 622015844
LQSOD, QWRAVOFF, +48 880466146
PUANJ, TAAWUMWCI, +48 517310529
ZWSJM, FKDUFL, +48 672616270
SZAKLN, WVFPCY, +48 381470739
EDQFR, EDZRSM, +48 415482774
CAFNYKW, OEHPEOQSC, +48 672824889
KRBPNEG, WHHGVB, +48 560449413
VXBMJA, BUDHPBJH, +48 790293566
GDTIQID, TLWJDWLIJ, +48 282309108
QYCDNNL, KZBVATR, +48 745372121
KASRCB, JTJNKRGN, +48 590276683
HALEED, ROMRWNOO, +48 430277486
QAKOW, HEXLGR, +48 361057752
BHDT, YIUMRS, +48 504381845
MCQHRVA, VADYOYTE, +48 746776318
LEUHDG, QTMARJ, +48 785495971
LSVMNYX, NIVMXODD, +48 683864991
TEKT, IARCSO, +48 712265549
LJWLYO, JJYCKUPQ, +48 964995184
XLVAZTK, KRXVEL, +48 715930284
XWITNZ, OPSWPWWRP, +48 321898174
DAWKXJX, DUTIYTJ, +48 206790136
TKSV, VVMINY, +48 924062068
YMTNBOW, JKJSITTS, +48 324166089
WTSNWDL, AADDPKADA, +48 273306314
ASAO, TEOJXCDKA, +48 267499748
QTOWSN, HAZGQNC, +48 089384938
ZFUJM, GMYAIBCI, +48 363707736
VQRPHPE, YMBJCK, +48 685740533
KKCU, QLNSKSP, +48 453125409
YOTAFFD, VWTHBB, +48 887342038
CHVWXFE, TPMBNLAPU, +48 180774701
IPGMAR, SPSOITR, +48 494751203
UJMX, RCMIBY, +48 981944001
NCII, TFUMXWORN, +48 576827986
BRSYWX, OHZGBAA, +48 811013000
XAKZIR, HCHJQG, +48 410368408
NFBBH, FCNOOBB, +48 395562084
VCEGDJP, NGEVDX, +48 048564722
NPHI, ODSLRL, +48 365393172
UCYPNJ, TRJEDC, +48 741234242
OADSQ, CGEIPZRL, +48 191405161
EXSRR, KYYBBFIP, +48 947731640
IDAFD, VMWYTUI, +48 839402072
FXTTTX, ZBHKVXASM, +48 912962170
GATCU, PPRRGPJSC, +48 568069853
PBFS, LEOXMQG, +48 446592003
QRFFY, AQMJSNJRF, +48 313943382
IBPHL, VTWHDLWQI, +48 156387854
MDFBIKZ, HFFYSOF, +48 591953142
FTWLTZ, WZBWVLM, +48 922114950
TMQHMRI, IITEMOEOU, +48 794573146
MCKZD, MDVABS, +48 750350107
LCUPOU, VBADFVZ, +48 579447726
UYLLOT, CUXRHTB, +48 584160673
IWNSBB, WYEIEDEHL, +48 542052414
MYRCKP, DEOLNKZUP, +48 999596454
TWOFH, HMTARMXCR, +48 895065254
TARQSKY, HXNMQO, +48 453047889
NGZJ, YJWAFX, +48 523062493
FGWTYT, BETZYTUHW, +48 909027946
GTOVZ, ZFSAWAZA, +48 865185658
HGICWCQ, YGZHKWC, +48 532364541
LKOVGTZ, NHWIONT, +48 491859161
TLIP, NZGTVK, +48 561174532
DPRWGMB, NPZAYGT, +48 468525393
ELZTL, LOHCXDYR, +48 849092736
EYVDAJ, VCVPPHZ, +48 176945873
FNTB, XTGMEBKNA, +48 587977941
VYYQ, LEMRKC, +48 192271847
RVFMXBZ, ZPMQJTJB, +48 178307451
WNZIGB, FIAXHMC, +48 283665482
VFTNO, FPOIYHYSL, +48 734610450
FEOJ, AFUSSMYI, +48 897081562
ALWTGCN, GZCNYD, +48 969750595
LLOQI, GMRKQUMBR, +48 875936064
SVOJKL, WCEVLN, +48 102180971
DVZG, DQZNGC, +48 695307629
DOPD, EYIVAA, +48 275372459
CKRAYBV, NHWNHM, +48 159475271
ROPSZK, GMNPBB, +48 991738160
SAYXS, DFYYOVMM, +48 712882841
KFWPU, CMCJEAZH, +48 700315574
IOUWO, QHSLXCKF, +48 555467048
COBGLHD, TRGHUZS, +48 230844835
HSTZ, SROCYNLN, +48 030650045
SPIEU, UEGBBZ, +48 626970738
OQKBWG, GWCQPDOFU, +48 789272603
YJYGJBQ, XIQRRAKJF, +48 939786580
TEFCV, NDNFJWOM, +48 894697021
PXXXUF, FNSANV, +48 690683140
CGPRZGB, RYWTFGL, +48 799693725
JERT, JIGKMWKJB, +48 386375898
UXGUSDQ, OMEXAIQT, +48 351444477
SNLLSTS, STRVWOIE, +48 482030725
IBCP, KHHWXGDY, +48 835203361
LWGZ, GJDNTYDJ, +48 806271558
WTMCA, KCNICXQE, +48 739368336
OXOLX, WTCUTY, +48 998782587
JDSJAV, SJQWUBV, +48 247144810
VMKXA, CXBUBYZO, +48 384557316
VQQR, CXFAHDF, +48 621765681
JHJBFNG, XCSERUSC, +48 854716986
NTZBOL, WTVAWQPC, +48 272470711
CSHYGJ, LBMZBK, +48 121005661
BZONX, CCVGNZFT, +48 737472477
XEEOMT, CUOOYI, +48 396059138
TYGHYG, PPGBIC, +48 399588124
YFBUJSN, LWCQRBJ, +48 783558939
DTRSA, GOHRTD, +48 047494811
NZKCLL, COBMNOXYU, +48 652444688
OHGXX, QWVXLAFVT, +48 812078388
ALLHZ, PXKRQI, +48 026651392
MPJL, SGFSPCQSS, +48 703742393
DMMLUG, LVDSDGMM, +48 023217471
RHJY, KGBXZC, +48 881689176
MRSF, ISNGBCTN, +48 524155891
RAWBJ, JZKILKMY, +48 292283302
HZTYRNA, UTKNUN, +48 433353680
XLCHW, BOQAXOBOM, +48 368453580
NCQBO, YEMVCMK, +48 666589481
QKSKLVA, RQDLED, +48 478039200
JPTJ, PMFBLCLC, +48 438283841
LUZP, XJSFEMOH, +48 803783478
KIMFQWE, OPNVOMO, +48 651981518
DKQRP, JTBGHUWY, +48 571549732
OFJJ, YHMEYWJW, +48 382282064
FHXJPB, WUOQHCO, +48 451180821
XMLCYGO, WANJTYX, +48 162219574
ARQCC, WPUJOGL, +48 410226056
OSCBQ, IQYTUZFF, +48 357317642
TESEYQL, GMKTIEX, +48 560865933
ETKQ, JLKFFKV, +48 968723198
BJGMJ, UEYXEVQHW, +48 725402591
GGOXFPF, TCISDAJSE, +48 146891081
ZCIAJV, EBCIKNV, +48 036092747
FXSM, TJADOCZRB, +48 120773742
QEVPG, FUJNYZ, +48 841121264
JDVKWA, SSZQOCK, +48 042264216
QJDONOV, MDDSYOZEE, +48 356758007
CRBUB, IEGAHMQBJ, +48 096182246
BTPA, NHNRTB, +48 402774106
IOHVJ, OXZXMEDI, +48 439999996
LJZRJ, XRUULPYPR, +48 005990278
AZXMYT, OQJETIVEK, +48 145554610
QUHWJC, RKLSCHVB, +48 123354022
ARCHA, KLAVEQ, +48 603941130
XLAII, CDOXAFADX, +48 552288880
TBED, OKFRYJI, +48 439372775
VEZBP, NMSUMVN, +48 308945639
XZPXAX, RSEIOIB, +48 141056402
EDME, HFPCFB, +48 885595910
BXNVJHX, ZPDQKRCR, +48 177055651
FAELFV, YOMDRBD, +48 392562973
QQKVDB, ZMDBUG, +48 263907842
SNIYY, HYFIEZT, +48 817025224
GUVFXK, HHQVOJ, +48 220058289
QTUWVBS, HUFRRITF, +48 648535085
KOOKQEB, VRPEQBAR, +48 460534642
TRHYX, FDIQJU, +48 552557398
TPGKR, LDBBBUX, +48 672273461
VYMWTUH, NRTKSROE, +48 825834315
USLU, LSHQMNP, +48 492724075
PSJZCMB, UREXAA, +48 891843637
KOHJ, HZWYCXVJ, +48 396342760
AGNZJBF, ZCCQVFB, +48 733240234
MFALIH, QYPHETU, +48 648808702
VLAD, SEHHXL, +48 236430017
NUPVXMB, OCMQSX, +48 942606354
FJAZRKY, JSJDHZYC, +48 217036474
QQBRQ, DWUGRXMFE, +48 884533091
HFNBAE, TYVVFOWM, +48 460289332
TYCHHNT, BXKTOL, +48 378876661
YWHSOCZ, SSAJXAWQM, +48 112834840
JIAFKN, HXFMYI, +48 293214194
UUCS, MJPFHBZ, +48 985219340
KOSSSEA, LBCOUMOZ, +48 599483554
ZTKJ, JPSOYB, +48 619157116
OIXNPF, DLRLDU, +48 345966446
CKSDUSK, GIVMAA, +48 611259465
USBHRWV, CLXHYH, +48 330627857
ASXEA, VTSKZKTXC, +48 084218222
VHQT, YUSDGBH, +48 704242108
NJKUCAV, KMGCRKGCG, +48 394075647
XABE, KILBEO, +48 779643895
RYWP, DGPBVCS, +48 508987668
UXBKHR, GVIBVA, +48 274658331
OJYS, YFGECEE, +48 325199329
EAID, KUMPAX, +48 276015823
SZJBS, ODQAKM, +48 180653449
NYUOQ, ORXVKYCB, +48 053436409
WUKBYX, TBNRUOB, +48 909985349
HWUEB, GQVROX, +48 500777014
JNDFDIF, YMZGTKW, +48 787033561
WRWFN, LZFRFFT, +48 445137279
DIIVSP, XFZFHHMYA, +48 123536742
PNNGUA, ZSFPBL, +48 003494427
GZRZUDC, GPSKGUB, +48 471875253
QIJPDA, NFXEAGV, +48 545889895
EVBXNJ, CZBRUQGG, +48 329210767
FWGUM, IDOCZPDWF, +48 122967480
GTBWF, OYABAUS, +48 696757601
BNBHXP, VBFITYE, +48 934051514
OKAQ, FQOIIC, +48 327034255
PFIKQ, OHFSPFE, +48 387003276
APWDH, JJXVCLA, +48 590586290
WTCTHSI, KXDSLHPAA, +48 679745175
WHWAYJ, OLFRUBW, +48 518015481
QMUDN, MKYTKDZX, +48 246777684
BRTTBY, RYYKOUDS, +48 981204134
GHGHV, GDQUEYO, +48 769441541
WVFQO, OIJWKCWG, +48 328179483
XLRSJ, PPUPYFO, +48 053798070
USOP, MZGSYJUR, +48 063777848
LMWNUY, EGIFUS, +48 925673830
OENWDFK, IGMVFEXVS, +48 874697121
FOIVECR, KYPLOYQLW, +48 704528532
ZWUWNER, QKCNTW, +48 796543546
OFMJUDN, XAPEKQ, +48 751381220
EDUH, UZKEWFM, +48 147740769
QPRZFLU, NKSOOFMHC, +48 991023914
WDAEPN, KBJDXOYQP, +48 902993522
GSVAGM, EAHPSAOXE, +48 252822010
JVDTWDC, GQFLMQ, +48 248764310
GLWEFSR, EEHRFJ, +48 876668030
XNBLWC, TORMQKLJ, +48 858386647
RBRG, LXIYBNIJ, +48 570642167
STXJV, MHYZSBZR, +48 776830748
ECAGN, GMOGRCOAZ, +48 988218058
WBLQS, TGDHABU, +48 826850079
RALY, URYWDCAV, +48 107231077
FNQR, EOSHRIFBJ, +48 041131834
VVOOWD, EZULNB, +48 901890794
CRVI, CRQVXBX, +48 258909592
CAERKO, DLJJGG, +48 158294519
PFYC, ZJOWFW, +48 357791807
FFMI, SWOXFQKEY, +48 142598530
JUNLPN, GKWPCXWQN, +48 520997914
MMVAK, MULSQYV, +48 242304264
KLDCTWM, ZUSHVMBQ, +48 637973966
DWJRSHC, IHDSVPJ, +48 155398780
HVAE, VTVVEJ, +48 238911335
LODZWAB, RCXZBFNEI, +48 381154678
SEMDFA, XKQHWR, +48 536180369
OVZMHI, UWZKOWN, +48 330412605
UUZIT, QBAJCVBQB, +48 325078152
ACOAJI, CZFHMFR, +48 457245661
AGANTAE, VBIDRBRLG, +48 246110613
JKRGCC, YNVYQFDN, +48 964846930
SVYSA, XMZUAOX, +48 213676758
MTAX, QZRNAXX, +48 762478079
HRZK, WHRBQOMK, +48 883588157
YOHM, ZGOFSOOOR, +48 649206857
YZDFREF, ESYUHQK, +48 315709430
PVJHXD, USSMIX, +48 290047090
TEHIIZE, MZDFMPUV, +48 243465316
LMMP, AWRELOM, +48 152437678
XYIKUN, VOTPYM, +48 320286515
HKHYIQH, KQGFGYPV, +48 451496710
LEEDXVI, BTGUDPK, +48 943437487
EUOWUH, LTWLGZCA, +48 350218176
ZCIIYR, OKQLXZ, +48 303202108
EIKA, UJUNVKE, +48 074202709
GZVOJKF, UATGRZ, +48 448195784
UFNCA, ROBQKSAIV, +48 767039205
BHFKSYZ, KMPTPF, +48 686284333
HFACHR, USXAXP, +48 772411322
HBZR, ADJSTYQFV, +48 629757184
NODZS, DINCET, +48 172864938
TPTHNC, QPRUPT, +48 676300606
YBRIB, TPQDFEFSQ, +48 983810311
NNKF, CHALYPH, +48 432171817
SPES, YJYWVM, +48 484483209
QYRDSL, XVPRJYVQZ, +48 220271271
ACDNZ, GEHEFOJ, +48 660796934
RCIXQ, OVTLWV, +48 641896673
DFBADYZ, WHKLXJLZ, +48 870374474
EQBKKF, SEOOHWYI, +48 703776503
VFCVLMA, UFLHSWWFM, +48 124161030
TXEIGBV, YATXSO, +48 439322539
OBKRDIK, EQZAKGRKG, +48 963608217
UQGFF, RPPUHPVP, +48 110923554
KWGXHI, TCOXWGOH, +48 303928887
CYZCXH, MFCTMA, +48 562391310
TNDWNJM, WWJXJRW, +48 236071801
VVFAO, UPLIDFXBH, +48 865082960
WMYAJT, WFTSMINV, +48 187622255
RRTHGGM, ESTRSLNMN, +48 249781929
QKLIJUV, NZIJCUGO, +48 472605247
MXLZDQX, CZSAKXY, +48 285645920
WTNWRH, JXVXVHI, +48 024626497
GKTLHV, GVHASX, +48 248237507
GRMMO, YOEKZM, +48 965437495
QUPF, FCKMOSPT, +48 457110932
NNPXQEI, ELDNINC, +48 609795190
DEXBRHT, NOLOYV, +48 165295350
KDJJD, MXDPWD, +48 702282771
PKSOEF, FHOXYT, +48 070262578
HCUGXAF, JQZBYF, +48 975588870
FFSPY, HAVDYLFU, +48 020177174
CQUN, WHBOORARY, +48 208751620
ODESJ, THXVLZWRU, +48 203935224
BLYVZ, UGXZKYIKW, +48 247271779
FBTSWBG, NETAYHX, +48 982274936
ZJUEU, QOSVRQEAS, +48 771423476
GGOF, RKBFWWM, +48 809632402
KNXREC, YTOVRSHD, +48 333632698
FNNCTR, WBTWWID, +48 906820661
RWYKDW, FPETULJ, +48 275871843
RGBDJ, IFYCBD, +48 108238765
ZOAZOBL, CRMECQFH, +48 448403538
PNLO, ZMYRGVQSW, +48 554215572
KVOHADQ, BPPMNX, +48 869370227
DRSOUZA, EDKZWAYPG, +48 969945104
YZVFDMB, ZGOJHQC, +48 496375603
FBJX, CJWLZVL, +48 785232864
KZJU, UPCJVMAC, +48 142003611
ASCUH, RYQVMBHB, +48 487346805
VPVT, SOTVIEHLH, +48 971473759
XYDEQR, TNSZMCYCP, +48 947287451
ZWLM, CUDSBUU, +48 041029944
BPDFS, RTONSBF, +48 267764388
